Date,Identifier,Bedroom,Price,Average_Market_Days,RegionName_Crosby,RegionName_Houston,RegionName_Pasadena,RegionName_Porter,State_TX,Metro_Houston-The Woodlands-Sugar Land,CountyName_Harris County,CountyName_Montgomery County
2010-01-31,2,1,67653.0,133.0,0,1,0,0,1,1,1,0
2010-01-31,2,2,89995.0,133.0,0,1,0,0,1,1,1,0
2010-01-31,2,3,116641.0,133.0,0,1,0,0,1,1,1,0
2010-01-31,2,4,167849.0,133.0,0,1,0,0,1,1,1,0
2010-01-31,2,5,303323.0,133.0,0,1,0,0,1,1,1,0
2010-01-31,223,1,53098.0,132.0,0,0,1,0,1,1,1,0
2010-01-31,223,2,71091.0,132.0,0,0,1,0,1,1,1,0
2010-01-31,223,3,102976.0,132.0,0,0,1,0,1,1,1,0
2010-01-31,1811,2,,,0,0,0,1,1,1,0,1
2010-01-31,2134,2,84980.0,,1,0,0,0,1,1,1,0
2010-02-28,2,1,67444.0,137.0,0,1,0,0,1,1,1,0
2010-02-28,2,2,89795.0,137.0,0,1,0,0,1,1,1,0
2010-02-28,2,3,116422.0,137.0,0,1,0,0,1,1,1,0
2010-02-28,2,4,167762.0,137.0,0,1,0,0,1,1,1,0
2010-02-28,2,5,303290.0,137.0,0,1,0,0,1,1,1,0
2010-02-28,223,1,53448.0,99.0,0,0,1,0,1,1,1,0
2010-02-28,223,2,71199.0,99.0,0,0,1,0,1,1,1,0
2010-02-28,223,3,102751.0,99.0,0,0,1,0,1,1,1,0
2010-02-28,1811,2,,,0,0,0,1,1,1,0,1
2010-02-28,2134,2,84256.0,,1,0,0,0,1,1,1,0
2010-03-31,2,1,67260.0,134.0,0,1,0,0,1,1,1,0
2010-03-31,2,2,89826.0,134.0,0,1,0,0,1,1,1,0
2010-03-31,2,3,116508.0,134.0,0,1,0,0,1,1,1,0
2010-03-31,2,4,167994.0,134.0,0,1,0,0,1,1,1,0
2010-03-31,2,5,303716.0,134.0,0,1,0,0,1,1,1,0
2010-03-31,223,1,53566.0,116.0,0,0,1,0,1,1,1,0
2010-03-31,223,2,71657.0,116.0,0,0,1,0,1,1,1,0
2010-03-31,223,3,102811.0,116.0,0,0,1,0,1,1,1,0
2010-03-31,1811,2,,,0,0,0,1,1,1,0,1
2010-03-31,2134,2,84234.0,,1,0,0,0,1,1,1,0
2010-04-30,2,1,67041.0,112.0,0,1,0,0,1,1,1,0
2010-04-30,2,2,89859.0,112.0,0,1,0,0,1,1,1,0
2010-04-30,2,3,116704.0,112.0,0,1,0,0,1,1,1,0
2010-04-30,2,4,168290.0,112.0,0,1,0,0,1,1,1,0
2010-04-30,2,5,304314.0,112.0,0,1,0,0,1,1,1,0
2010-04-30,223,1,53446.0,86.5,0,0,1,0,1,1,1,0
2010-04-30,223,2,71814.0,86.5,0,0,1,0,1,1,1,0
2010-04-30,223,3,103050.0,86.5,0,0,1,0,1,1,1,0
2010-04-30,1811,2,,,0,0,0,1,1,1,0,1
2010-04-30,2134,2,84837.0,,1,0,0,0,1,1,1,0
2010-05-31,2,1,66721.0,92.5,0,1,0,0,1,1,1,0
2010-05-31,2,2,89833.0,92.5,0,1,0,0,1,1,1,0
2010-05-31,2,3,116783.0,92.5,0,1,0,0,1,1,1,0
2010-05-31,2,4,168286.0,92.5,0,1,0,0,1,1,1,0
2010-05-31,2,5,304564.0,92.5,0,1,0,0,1,1,1,0
2010-05-31,223,1,53396.0,74.0,0,0,1,0,1,1,1,0
2010-05-31,223,2,71813.0,74.0,0,0,1,0,1,1,1,0
2010-05-31,223,3,103071.0,74.0,0,0,1,0,1,1,1,0
2010-05-31,1811,2,,,0,0,0,1,1,1,0,1
2010-05-31,2134,2,85996.0,,1,0,0,0,1,1,1,0
2010-06-30,2,1,66084.0,98.0,0,1,0,0,1,1,1,0
2010-06-30,2,2,89428.0,98.0,0,1,0,0,1,1,1,0
2010-06-30,2,3,116313.0,98.0,0,1,0,0,1,1,1,0
2010-06-30,2,4,167668.0,98.0,0,1,0,0,1,1,1,0
2010-06-30,2,5,303701.0,98.0,0,1,0,0,1,1,1,0
2010-06-30,223,1,53357.0,85.0,0,0,1,0,1,1,1,0
2010-06-30,223,2,71308.0,85.0,0,0,1,0,1,1,1,0
2010-06-30,223,3,102521.0,85.0,0,0,1,0,1,1,1,0
2010-06-30,1811,2,,,0,0,0,1,1,1,0,1
2010-06-30,2134,2,86968.0,,1,0,0,0,1,1,1,0
2010-07-31,2,1,65187.0,97.0,0,1,0,0,1,1,1,0
2010-07-31,2,2,88608.0,97.0,0,1,0,0,1,1,1,0
2010-07-31,2,3,115283.0,97.0,0,1,0,0,1,1,1,0
2010-07-31,2,4,166425.0,97.0,0,1,0,0,1,1,1,0
2010-07-31,2,5,301892.0,97.0,0,1,0,0,1,1,1,0
2010-07-31,223,1,53015.0,83.0,0,0,1,0,1,1,1,0
2010-07-31,223,2,70457.0,83.0,0,0,1,0,1,1,1,0
2010-07-31,223,3,101383.0,83.0,0,0,1,0,1,1,1,0
2010-07-31,1811,2,,,0,0,0,1,1,1,0,1
2010-07-31,2134,2,86461.0,,1,0,0,0,1,1,1,0
2010-08-31,2,1,64471.0,99.0,0,1,0,0,1,1,1,0
2010-08-31,2,2,87620.0,99.0,0,1,0,0,1,1,1,0
2010-08-31,2,3,114048.0,99.0,0,1,0,0,1,1,1,0
2010-08-31,2,4,164861.0,99.0,0,1,0,0,1,1,1,0
2010-08-31,2,5,299277.0,99.0,0,1,0,0,1,1,1,0
2010-08-31,223,1,52557.0,93.0,0,0,1,0,1,1,1,0
2010-08-31,223,2,69357.0,93.0,0,0,1,0,1,1,1,0
2010-08-31,223,3,100323.0,93.0,0,0,1,0,1,1,1,0
2010-08-31,1811,2,,,0,0,0,1,1,1,0,1
2010-08-31,2134,2,85313.0,,1,0,0,0,1,1,1,0
2010-09-30,2,1,64045.0,106.0,0,1,0,0,1,1,1,0
2010-09-30,2,2,86869.0,106.0,0,1,0,0,1,1,1,0
2010-09-30,2,3,113152.0,106.0,0,1,0,0,1,1,1,0
2010-09-30,2,4,163842.0,106.0,0,1,0,0,1,1,1,0
2010-09-30,2,5,297672.0,106.0,0,1,0,0,1,1,1,0
2010-09-30,223,1,52081.0,96.0,0,0,1,0,1,1,1,0
2010-09-30,223,2,68483.0,96.0,0,0,1,0,1,1,1,0
2010-09-30,223,3,99636.0,96.0,0,0,1,0,1,1,1,0
2010-09-30,1811,2,,,0,0,0,1,1,1,0,1
2010-09-30,2134,2,83661.0,,1,0,0,0,1,1,1,0
2010-10-31,2,1,63894.0,116.0,0,1,0,0,1,1,1,0
2010-10-31,2,2,86373.0,116.0,0,1,0,0,1,1,1,0
2010-10-31,2,3,112591.0,116.0,0,1,0,0,1,1,1,0
2010-10-31,2,4,163280.0,116.0,0,1,0,0,1,1,1,0
2010-10-31,2,5,296905.0,116.0,0,1,0,0,1,1,1,0
2010-10-31,223,1,52159.0,99.0,0,0,1,0,1,1,1,0
2010-10-31,223,2,67833.0,99.0,0,0,1,0,1,1,1,0
2010-10-31,223,3,99407.0,99.0,0,0,1,0,1,1,1,0
2010-10-31,1811,2,,,0,0,0,1,1,1,0,1
2010-10-31,2134,2,83349.0,,1,0,0,0,1,1,1,0
2010-11-30,2,1,63800.0,124.0,0,1,0,0,1,1,1,0
2010-11-30,2,2,86168.0,124.0,0,1,0,0,1,1,1,0
2010-11-30,2,3,112442.0,124.0,0,1,0,0,1,1,1,0
2010-11-30,2,4,163220.0,124.0,0,1,0,0,1,1,1,0
2010-11-30,2,5,297116.0,124.0,0,1,0,0,1,1,1,0
2010-11-30,223,1,52011.0,110.0,0,0,1,0,1,1,1,0
2010-11-30,223,2,67411.0,110.0,0,0,1,0,1,1,1,0
2010-11-30,223,3,99373.0,110.0,0,0,1,0,1,1,1,0
2010-11-30,1811,2,,,0,0,0,1,1,1,0,1
2010-11-30,2134,2,83496.0,,1,0,0,0,1,1,1,0
2010-12-31,2,1,63651.0,129.0,0,1,0,0,1,1,1,0
2010-12-31,2,2,85901.0,129.0,0,1,0,0,1,1,1,0
2010-12-31,2,3,112148.0,129.0,0,1,0,0,1,1,1,0
2010-12-31,2,4,162932.0,129.0,0,1,0,0,1,1,1,0
2010-12-31,2,5,296740.0,129.0,0,1,0,0,1,1,1,0
2010-12-31,223,1,51840.0,103.5,0,0,1,0,1,1,1,0
2010-12-31,223,2,66817.0,103.5,0,0,1,0,1,1,1,0
2010-12-31,223,3,99078.0,103.5,0,0,1,0,1,1,1,0
2010-12-31,1811,2,,,0,0,0,1,1,1,0,1
2010-12-31,2134,2,83340.0,,1,0,0,0,1,1,1,0
2011-01-31,2,1,63342.0,133.0,0,1,0,0,1,1,1,0
2011-01-31,2,2,85444.0,133.0,0,1,0,0,1,1,1,0
2011-01-31,2,3,111702.0,133.0,0,1,0,0,1,1,1,0
2011-01-31,2,4,162519.0,133.0,0,1,0,0,1,1,1,0
2011-01-31,2,5,295882.0,133.0,0,1,0,0,1,1,1,0
2011-01-31,223,1,51294.0,116.0,0,0,1,0,1,1,1,0
2011-01-31,223,2,66102.0,116.0,0,0,1,0,1,1,1,0
2011-01-31,223,3,98660.0,116.0,0,0,1,0,1,1,1,0
2011-01-31,1811,2,,,0,0,0,1,1,1,0,1
2011-01-31,2134,2,83153.0,,1,0,0,0,1,1,1,0
2011-02-28,2,1,62769.0,130.0,0,1,0,0,1,1,1,0
2011-02-28,2,2,84886.0,130.0,0,1,0,0,1,1,1,0
2011-02-28,2,3,110988.0,130.0,0,1,0,0,1,1,1,0
2011-02-28,2,4,161775.0,130.0,0,1,0,0,1,1,1,0
2011-02-28,2,5,294642.0,130.0,0,1,0,0,1,1,1,0
2011-02-28,223,1,50504.0,124.0,0,0,1,0,1,1,1,0
2011-02-28,223,2,65248.0,124.0,0,0,1,0,1,1,1,0
2011-02-28,223,3,98105.0,124.0,0,0,1,0,1,1,1,0
2011-02-28,1811,2,,,0,0,0,1,1,1,0,1
2011-02-28,2134,2,82801.0,,1,0,0,0,1,1,1,0
2011-03-31,2,1,62075.0,124.0,0,1,0,0,1,1,1,0
2011-03-31,2,2,83932.0,124.0,0,1,0,0,1,1,1,0
2011-03-31,2,3,109871.0,124.0,0,1,0,0,1,1,1,0
2011-03-31,2,4,160637.0,124.0,0,1,0,0,1,1,1,0
2011-03-31,2,5,292821.0,124.0,0,1,0,0,1,1,1,0
2011-03-31,223,1,49613.0,130.0,0,0,1,0,1,1,1,0
2011-03-31,223,2,64199.0,130.0,0,0,1,0,1,1,1,0
2011-03-31,223,3,97383.0,130.0,0,0,1,0,1,1,1,0
2011-03-31,1811,2,,,0,0,0,1,1,1,0,1
2011-03-31,2134,2,82289.0,,1,0,0,0,1,1,1,0
2011-04-30,2,1,61670.0,113.0,0,1,0,0,1,1,1,0
2011-04-30,2,2,83240.0,113.0,0,1,0,0,1,1,1,0
2011-04-30,2,3,108924.0,113.0,0,1,0,0,1,1,1,0
2011-04-30,2,4,159847.0,113.0,0,1,0,0,1,1,1,0
2011-04-30,2,5,291667.0,113.0,0,1,0,0,1,1,1,0
2011-04-30,223,1,49069.0,96.0,0,0,1,0,1,1,1,0
2011-04-30,223,2,63618.0,96.0,0,0,1,0,1,1,1,0
2011-04-30,223,3,96645.0,96.0,0,0,1,0,1,1,1,0
2011-04-30,1811,2,,,0,0,0,1,1,1,0,1
2011-04-30,2134,2,81283.0,,1,0,0,0,1,1,1,0
2011-05-31,2,1,61609.0,108.0,0,1,0,0,1,1,1,0
2011-05-31,2,2,82607.0,108.0,0,1,0,0,1,1,1,0
2011-05-31,2,3,108095.0,108.0,0,1,0,0,1,1,1,0
2011-05-31,2,4,159219.0,108.0,0,1,0,0,1,1,1,0
2011-05-31,2,5,290639.0,108.0,0,1,0,0,1,1,1,0
2011-05-31,223,1,48731.0,107.0,0,0,1,0,1,1,1,0
2011-05-31,223,2,62988.0,107.0,0,0,1,0,1,1,1,0
2011-05-31,223,3,96070.0,107.0,0,0,1,0,1,1,1,0
2011-05-31,1811,2,,,0,0,0,1,1,1,0,1
2011-05-31,2134,2,79845.0,,1,0,0,0,1,1,1,0
2011-06-30,2,1,61770.0,102.0,0,1,0,0,1,1,1,0
2011-06-30,2,2,82362.0,102.0,0,1,0,0,1,1,1,0
2011-06-30,2,3,107622.0,102.0,0,1,0,0,1,1,1,0
2011-06-30,2,4,158996.0,102.0,0,1,0,0,1,1,1,0
2011-06-30,2,5,290524.0,102.0,0,1,0,0,1,1,1,0
2011-06-30,223,1,48508.0,96.0,0,0,1,0,1,1,1,0
2011-06-30,223,2,63159.0,96.0,0,0,1,0,1,1,1,0
2011-06-30,223,3,95907.0,96.0,0,0,1,0,1,1,1,0
2011-06-30,1811,2,,,0,0,0,1,1,1,0,1
2011-06-30,2134,2,78612.0,,1,0,0,0,1,1,1,0
2011-07-31,2,1,62065.0,104.0,0,1,0,0,1,1,1,0
2011-07-31,2,2,82347.0,104.0,0,1,0,0,1,1,1,0
2011-07-31,2,3,107329.0,104.0,0,1,0,0,1,1,1,0
2011-07-31,2,4,158944.0,104.0,0,1,0,0,1,1,1,0
2011-07-31,2,5,290729.0,104.0,0,1,0,0,1,1,1,0
2011-07-31,223,1,48503.0,98.0,0,0,1,0,1,1,1,0
2011-07-31,223,2,63390.0,98.0,0,0,1,0,1,1,1,0
2011-07-31,223,3,96093.0,98.0,0,0,1,0,1,1,1,0
2011-07-31,1811,2,,,0,0,0,1,1,1,0,1
2011-07-31,2134,2,78336.0,,1,0,0,0,1,1,1,0
2011-08-31,2,1,62317.0,108.5,0,1,0,0,1,1,1,0
2011-08-31,2,2,82594.0,108.5,0,1,0,0,1,1,1,0
2011-08-31,2,3,107200.0,108.5,0,1,0,0,1,1,1,0
2011-08-31,2,4,159283.0,108.5,0,1,0,0,1,1,1,0
2011-08-31,2,5,291775.0,108.5,0,1,0,0,1,1,1,0
2011-08-31,223,1,49106.0,97.0,0,0,1,0,1,1,1,0
2011-08-31,223,2,63825.0,97.0,0,0,1,0,1,1,1,0
2011-08-31,223,3,96324.0,97.0,0,0,1,0,1,1,1,0
2011-08-31,1811,2,,,0,0,0,1,1,1,0,1
2011-08-31,2134,2,78283.0,,1,0,0,0,1,1,1,0
2011-09-30,2,1,62517.0,114.0,0,1,0,0,1,1,1,0
2011-09-30,2,2,82794.0,114.0,0,1,0,0,1,1,1,0
2011-09-30,2,3,107056.0,114.0,0,1,0,0,1,1,1,0
2011-09-30,2,4,159500.0,114.0,0,1,0,0,1,1,1,0
2011-09-30,2,5,292501.0,114.0,0,1,0,0,1,1,1,0
2011-09-30,223,1,49495.0,98.5,0,0,1,0,1,1,1,0
2011-09-30,223,2,63834.0,98.5,0,0,1,0,1,1,1,0
2011-09-30,223,3,96411.0,98.5,0,0,1,0,1,1,1,0
2011-09-30,1811,2,,,0,0,0,1,1,1,0,1
2011-09-30,2134,2,78280.0,,1,0,0,0,1,1,1,0
2011-10-31,2,1,62639.0,119.0,0,1,0,0,1,1,1,0
2011-10-31,2,2,82775.0,119.0,0,1,0,0,1,1,1,0
2011-10-31,2,3,106976.0,119.0,0,1,0,0,1,1,1,0
2011-10-31,2,4,159722.0,119.0,0,1,0,0,1,1,1,0
2011-10-31,2,5,293166.0,119.0,0,1,0,0,1,1,1,0
2011-10-31,223,1,49560.0,95.0,0,0,1,0,1,1,1,0
2011-10-31,223,2,63880.0,95.0,0,0,1,0,1,1,1,0
2011-10-31,223,3,96417.0,95.0,0,0,1,0,1,1,1,0
2011-10-31,1811,2,,,0,0,0,1,1,1,0,1
2011-10-31,2134,2,77585.0,,1,0,0,0,1,1,1,0
2011-11-30,2,1,62636.0,120.5,0,1,0,0,1,1,1,0
2011-11-30,2,2,82282.0,120.5,0,1,0,0,1,1,1,0
2011-11-30,2,3,106277.0,120.5,0,1,0,0,1,1,1,0
2011-11-30,2,4,158942.0,120.5,0,1,0,0,1,1,1,0
2011-11-30,2,5,291921.0,120.5,0,1,0,0,1,1,1,0
2011-11-30,223,1,49212.0,111.0,0,0,1,0,1,1,1,0
2011-11-30,223,2,63622.0,111.0,0,0,1,0,1,1,1,0
2011-11-30,223,3,95819.0,111.0,0,0,1,0,1,1,1,0
2011-11-30,1811,2,,,0,0,0,1,1,1,0,1
2011-11-30,2134,2,77062.0,,1,0,0,0,1,1,1,0
2011-12-31,2,1,62769.0,121.5,0,1,0,0,1,1,1,0
2011-12-31,2,2,81945.0,121.5,0,1,0,0,1,1,1,0
2011-12-31,2,3,105815.0,121.5,0,1,0,0,1,1,1,0
2011-12-31,2,4,158523.0,121.5,0,1,0,0,1,1,1,0
2011-12-31,2,5,291571.0,121.5,0,1,0,0,1,1,1,0
2011-12-31,223,1,49212.0,97.0,0,0,1,0,1,1,1,0
2011-12-31,223,2,63815.0,97.0,0,0,1,0,1,1,1,0
2011-12-31,223,3,95491.0,97.0,0,0,1,0,1,1,1,0
2011-12-31,1811,2,,,0,0,0,1,1,1,0,1
2011-12-31,2134,2,76838.0,,1,0,0,0,1,1,1,0
2012-01-31,2,1,62829.0,117.0,0,1,0,0,1,1,1,0
2012-01-31,2,2,81927.0,117.0,0,1,0,0,1,1,1,0
2012-01-31,2,3,105561.0,117.0,0,1,0,0,1,1,1,0
2012-01-31,2,4,158375.0,117.0,0,1,0,0,1,1,1,0
2012-01-31,2,5,291755.0,117.0,0,1,0,0,1,1,1,0
2012-01-31,223,1,49528.0,108.5,0,0,1,0,1,1,1,0
2012-01-31,223,2,64285.0,108.5,0,0,1,0,1,1,1,0
2012-01-31,223,3,95330.0,108.5,0,0,1,0,1,1,1,0
2012-01-31,1811,2,,,0,0,0,1,1,1,0,1
2012-01-31,2134,2,77129.0,,1,0,0,0,1,1,1,0
2012-02-29,2,1,63131.0,117.0,0,1,0,0,1,1,1,0
2012-02-29,2,2,82117.0,117.0,0,1,0,0,1,1,1,0
2012-02-29,2,3,105702.0,117.0,0,1,0,0,1,1,1,0
2012-02-29,2,4,158785.0,117.0,0,1,0,0,1,1,1,0
2012-02-29,2,5,292932.0,117.0,0,1,0,0,1,1,1,0
2012-02-29,223,1,49707.0,103.0,0,0,1,0,1,1,1,0
2012-02-29,223,2,65020.0,103.0,0,0,1,0,1,1,1,0
2012-02-29,223,3,95591.0,103.0,0,0,1,0,1,1,1,0
2012-02-29,1811,2,,,0,0,0,1,1,1,0,1
2012-02-29,2134,2,77219.0,,1,0,0,0,1,1,1,0
2012-03-31,2,1,63442.0,114.0,0,1,0,0,1,1,1,0
2012-03-31,2,2,82336.0,114.0,0,1,0,0,1,1,1,0
2012-03-31,2,3,105929.0,114.0,0,1,0,0,1,1,1,0
2012-03-31,2,4,159184.0,114.0,0,1,0,0,1,1,1,0
2012-03-31,2,5,294021.0,114.0,0,1,0,0,1,1,1,0
2012-03-31,223,1,49821.0,87.0,0,0,1,0,1,1,1,0
2012-03-31,223,2,65232.0,87.0,0,0,1,0,1,1,1,0
2012-03-31,223,3,95589.0,87.0,0,0,1,0,1,1,1,0
2012-03-31,1811,2,,,0,0,0,1,1,1,0,1
2012-03-31,2134,2,77317.0,,1,0,0,0,1,1,1,0
2012-04-30,2,1,63538.0,95.0,0,1,0,0,1,1,1,0
2012-04-30,2,2,82300.0,95.0,0,1,0,0,1,1,1,0
2012-04-30,2,3,105863.0,95.0,0,1,0,0,1,1,1,0
2012-04-30,2,4,159107.0,95.0,0,1,0,0,1,1,1,0
2012-04-30,2,5,294251.0,95.0,0,1,0,0,1,1,1,0
2012-04-30,223,1,49492.0,68.0,0,0,1,0,1,1,1,0
2012-04-30,223,2,64759.0,68.0,0,0,1,0,1,1,1,0
2012-04-30,223,3,95329.0,68.0,0,0,1,0,1,1,1,0
2012-04-30,1811,2,,,0,0,0,1,1,1,0,1
2012-04-30,2134,2,76723.0,,1,0,0,0,1,1,1,0
2012-05-31,2,1,63419.0,89.0,0,1,0,0,1,1,1,0
2012-05-31,2,2,82428.0,89.0,0,1,0,0,1,1,1,0
2012-05-31,2,3,105952.0,89.0,0,1,0,0,1,1,1,0
2012-05-31,2,4,159314.0,89.0,0,1,0,0,1,1,1,0
2012-05-31,2,5,295076.0,89.0,0,1,0,0,1,1,1,0
2012-05-31,223,1,49300.0,75.0,0,0,1,0,1,1,1,0
2012-05-31,223,2,64577.0,75.0,0,0,1,0,1,1,1,0
2012-05-31,223,3,95106.0,75.0,0,0,1,0,1,1,1,0
2012-05-31,1811,2,,,0,0,0,1,1,1,0,1
2012-05-31,2134,2,76747.0,,1,0,0,0,1,1,1,0
2012-06-30,2,1,63376.0,91.0,0,1,0,0,1,1,1,0
2012-06-30,2,2,82557.0,91.0,0,1,0,0,1,1,1,0
2012-06-30,2,3,106067.0,91.0,0,1,0,0,1,1,1,0
2012-06-30,2,4,159557.0,91.0,0,1,0,0,1,1,1,0
2012-06-30,2,5,295881.0,91.0,0,1,0,0,1,1,1,0
2012-06-30,223,1,49264.0,70.0,0,0,1,0,1,1,1,0
2012-06-30,223,2,64296.0,70.0,0,0,1,0,1,1,1,0
2012-06-30,223,3,95022.0,70.0,0,0,1,0,1,1,1,0
2012-06-30,1811,2,,,0,0,0,1,1,1,0,1
2012-06-30,2134,2,76777.0,,1,0,0,0,1,1,1,0
2012-07-31,2,1,63527.0,91.0,0,1,0,0,1,1,1,0
2012-07-31,2,2,82954.0,91.0,0,1,0,0,1,1,1,0
2012-07-31,2,3,106473.0,91.0,0,1,0,0,1,1,1,0
2012-07-31,2,4,160232.0,91.0,0,1,0,0,1,1,1,0
2012-07-31,2,5,297422.0,91.0,0,1,0,0,1,1,1,0
2012-07-31,223,1,49452.0,69.0,0,0,1,0,1,1,1,0
2012-07-31,223,2,64364.0,69.0,0,0,1,0,1,1,1,0
2012-07-31,223,3,95076.0,69.0,0,0,1,0,1,1,1,0
2012-07-31,1811,2,,,0,0,0,1,1,1,0,1
2012-07-31,2134,2,77049.0,,1,0,0,0,1,1,1,0
2012-08-31,2,1,63695.0,98.0,0,1,0,0,1,1,1,0
2012-08-31,2,2,83259.0,98.0,0,1,0,0,1,1,1,0
2012-08-31,2,3,106855.0,98.0,0,1,0,0,1,1,1,0
2012-08-31,2,4,160776.0,98.0,0,1,0,0,1,1,1,0
2012-08-31,2,5,298414.0,98.0,0,1,0,0,1,1,1,0
2012-08-31,223,1,49046.0,73.5,0,0,1,0,1,1,1,0
2012-08-31,223,2,64308.0,73.5,0,0,1,0,1,1,1,0
2012-08-31,223,3,94873.0,73.5,0,0,1,0,1,1,1,0
2012-08-31,1811,2,,,0,0,0,1,1,1,0,1
2012-08-31,2134,2,77225.0,,1,0,0,0,1,1,1,0
2012-09-30,2,1,63872.0,99.0,0,1,0,0,1,1,1,0
2012-09-30,2,2,83609.0,99.0,0,1,0,0,1,1,1,0
2012-09-30,2,3,107146.0,99.0,0,1,0,0,1,1,1,0
2012-09-30,2,4,161218.0,99.0,0,1,0,0,1,1,1,0
2012-09-30,2,5,299230.0,99.0,0,1,0,0,1,1,1,0
2012-09-30,223,1,48816.0,71.0,0,0,1,0,1,1,1,0
2012-09-30,223,2,64626.0,71.0,0,0,1,0,1,1,1,0
2012-09-30,223,3,94545.0,71.0,0,0,1,0,1,1,1,0
2012-09-30,1811,2,,,0,0,0,1,1,1,0,1
2012-09-30,2134,2,77246.0,,1,0,0,0,1,1,1,0
2012-10-31,2,1,64132.0,97.0,0,1,0,0,1,1,1,0
2012-10-31,2,2,83829.0,97.0,0,1,0,0,1,1,1,0
2012-10-31,2,3,107210.0,97.0,0,1,0,0,1,1,1,0
2012-10-31,2,4,161450.0,97.0,0,1,0,0,1,1,1,0
2012-10-31,2,5,299841.0,97.0,0,1,0,0,1,1,1,0
2012-10-31,223,1,48619.0,86.0,0,0,1,0,1,1,1,0
2012-10-31,223,2,64665.0,86.0,0,0,1,0,1,1,1,0
2012-10-31,223,3,94147.0,86.0,0,0,1,0,1,1,1,0
2012-10-31,1811,2,,,0,0,0,1,1,1,0,1
2012-10-31,2134,2,77063.0,,1,0,0,0,1,1,1,0
2012-11-30,2,1,64404.0,95.0,0,1,0,0,1,1,1,0
2012-11-30,2,2,84208.0,95.0,0,1,0,0,1,1,1,0
2012-11-30,2,3,107686.0,95.0,0,1,0,0,1,1,1,0
2012-11-30,2,4,162316.0,95.0,0,1,0,0,1,1,1,0
2012-11-30,2,5,301767.0,95.0,0,1,0,0,1,1,1,0
2012-11-30,223,1,48902.0,89.5,0,0,1,0,1,1,1,0
2012-11-30,223,2,64954.0,89.5,0,0,1,0,1,1,1,0
2012-11-30,223,3,94187.0,89.5,0,0,1,0,1,1,1,0
2012-11-30,1811,2,,,0,0,0,1,1,1,0,1
2012-11-30,2134,2,76970.0,,1,0,0,0,1,1,1,0
2012-12-31,2,1,64616.0,98.0,0,1,0,0,1,1,1,0
2012-12-31,2,2,84556.0,98.0,0,1,0,0,1,1,1,0
2012-12-31,2,3,108171.0,98.0,0,1,0,0,1,1,1,0
2012-12-31,2,4,163244.0,98.0,0,1,0,0,1,1,1,0
2012-12-31,2,5,303626.0,98.0,0,1,0,0,1,1,1,0
2012-12-31,223,1,48807.0,80.5,0,0,1,0,1,1,1,0
2012-12-31,223,2,65099.0,80.5,0,0,1,0,1,1,1,0
2012-12-31,223,3,94307.0,80.5,0,0,1,0,1,1,1,0
2012-12-31,1811,2,,,0,0,0,1,1,1,0,1
2012-12-31,2134,2,77089.0,,1,0,0,0,1,1,1,0
2013-01-31,2,1,64964.0,99.0,0,1,0,0,1,1,1,0
2013-01-31,2,2,84945.0,99.0,0,1,0,0,1,1,1,0
2013-01-31,2,3,108877.0,99.0,0,1,0,0,1,1,1,0
2013-01-31,2,4,164455.0,99.0,0,1,0,0,1,1,1,0
2013-01-31,2,5,306078.0,99.0,0,1,0,0,1,1,1,0
2013-01-31,223,1,48692.0,92.0,0,0,1,0,1,1,1,0
2013-01-31,223,2,65183.0,92.0,0,0,1,0,1,1,1,0
2013-01-31,223,3,94465.0,92.0,0,0,1,0,1,1,1,0
2013-01-31,1811,2,,,0,0,0,1,1,1,0,1
2013-01-31,2134,2,77585.0,,1,0,0,0,1,1,1,0
2013-02-28,2,1,65405.0,100.0,0,1,0,0,1,1,1,0
2013-02-28,2,2,85397.0,100.0,0,1,0,0,1,1,1,0
2013-02-28,2,3,109563.0,100.0,0,1,0,0,1,1,1,0
2013-02-28,2,4,165644.0,100.0,0,1,0,0,1,1,1,0
2013-02-28,2,5,308571.0,100.0,0,1,0,0,1,1,1,0
2013-02-28,223,1,48771.0,94.0,0,0,1,0,1,1,1,0
2013-02-28,223,2,65006.0,94.0,0,0,1,0,1,1,1,0
2013-02-28,223,3,94617.0,94.0,0,0,1,0,1,1,1,0
2013-02-28,1811,2,,,0,0,0,1,1,1,0,1
2013-02-28,2134,2,78245.0,,1,0,0,0,1,1,1,0
2013-03-31,2,1,66197.0,83.0,0,1,0,0,1,1,1,0
2013-03-31,2,2,86319.0,83.0,0,1,0,0,1,1,1,0
2013-03-31,2,3,110757.0,83.0,0,1,0,0,1,1,1,0
2013-03-31,2,4,167619.0,83.0,0,1,0,0,1,1,1,0
2013-03-31,2,5,312646.0,83.0,0,1,0,0,1,1,1,0
2013-03-31,223,1,49385.0,56.5,0,0,1,0,1,1,1,0
2013-03-31,223,2,65339.0,56.5,0,0,1,0,1,1,1,0
2013-03-31,223,3,95322.0,56.5,0,0,1,0,1,1,1,0
2013-03-31,1811,2,,,0,0,0,1,1,1,0,1
2013-03-31,2134,2,78973.0,,1,0,0,0,1,1,1,0
2013-04-30,2,1,67201.0,73.0,0,1,0,0,1,1,1,0
2013-04-30,2,2,87438.0,73.0,0,1,0,0,1,1,1,0
2013-04-30,2,3,112224.0,73.0,0,1,0,0,1,1,1,0
2013-04-30,2,4,169838.0,73.0,0,1,0,0,1,1,1,0
2013-04-30,2,5,317109.0,73.0,0,1,0,0,1,1,1,0
2013-04-30,223,1,50283.0,57.0,0,0,1,0,1,1,1,0
2013-04-30,223,2,66254.0,57.0,0,0,1,0,1,1,1,0
2013-04-30,223,3,96287.0,57.0,0,0,1,0,1,1,1,0
2013-04-30,1811,2,,,0,0,0,1,1,1,0,1
2013-04-30,2134,2,79966.0,,1,0,0,0,1,1,1,0
2013-05-31,2,1,68282.0,71.0,0,1,0,0,1,1,1,0
2013-05-31,2,2,88516.0,71.0,0,1,0,0,1,1,1,0
2013-05-31,2,3,113592.0,71.0,0,1,0,0,1,1,1,0
2013-05-31,2,4,171843.0,71.0,0,1,0,0,1,1,1,0
2013-05-31,2,5,320925.0,71.0,0,1,0,0,1,1,1,0
2013-05-31,223,1,51251.0,57.0,0,0,1,0,1,1,1,0
2013-05-31,223,2,67147.0,57.0,0,0,1,0,1,1,1,0
2013-05-31,223,3,97161.0,57.0,0,0,1,0,1,1,1,0
2013-05-31,1811,2,,,0,0,0,1,1,1,0,1
2013-05-31,2134,2,80867.0,,1,0,0,0,1,1,1,0
2013-06-30,2,1,69075.0,69.0,0,1,0,0,1,1,1,0
2013-06-30,2,2,89290.0,69.0,0,1,0,0,1,1,1,0
2013-06-30,2,3,114616.0,69.0,0,1,0,0,1,1,1,0
2013-06-30,2,4,173277.0,69.0,0,1,0,0,1,1,1,0
2013-06-30,2,5,323600.0,69.0,0,1,0,0,1,1,1,0
2013-06-30,223,1,51828.0,62.0,0,0,1,0,1,1,1,0
2013-06-30,223,2,67670.0,62.0,0,0,1,0,1,1,1,0
2013-06-30,223,3,97544.0,62.0,0,0,1,0,1,1,1,0
2013-06-30,1811,2,,,0,0,0,1,1,1,0,1
2013-06-30,2134,2,81354.0,,1,0,0,0,1,1,1,0
2013-07-31,2,1,69828.0,69.0,0,1,0,0,1,1,1,0
2013-07-31,2,2,89916.0,69.0,0,1,0,0,1,1,1,0
2013-07-31,2,3,115630.0,69.0,0,1,0,0,1,1,1,0
2013-07-31,2,4,174656.0,69.0,0,1,0,0,1,1,1,0
2013-07-31,2,5,325924.0,69.0,0,1,0,0,1,1,1,0
2013-07-31,223,1,52446.0,55.0,0,0,1,0,1,1,1,0
2013-07-31,223,2,67972.0,55.0,0,0,1,0,1,1,1,0
2013-07-31,223,3,97961.0,55.0,0,0,1,0,1,1,1,0
2013-07-31,1811,2,,,0,0,0,1,1,1,0,1
2013-07-31,2134,2,82013.0,,1,0,0,0,1,1,1,0
2013-08-31,2,1,70632.0,66.0,0,1,0,0,1,1,1,0
2013-08-31,2,2,90563.0,66.0,0,1,0,0,1,1,1,0
2013-08-31,2,3,116683.0,66.0,0,1,0,0,1,1,1,0
2013-08-31,2,4,176070.0,66.0,0,1,0,0,1,1,1,0
2013-08-31,2,5,328439.0,66.0,0,1,0,0,1,1,1,0
2013-08-31,223,1,53030.0,53.0,0,0,1,0,1,1,1,0
2013-08-31,223,2,68653.0,53.0,0,0,1,0,1,1,1,0
2013-08-31,223,3,98742.0,53.0,0,0,1,0,1,1,1,0
2013-08-31,1811,2,,,0,0,0,1,1,1,0,1
2013-08-31,2134,2,82834.0,,1,0,0,0,1,1,1,0
2013-09-30,2,1,71554.0,70.0,0,1,0,0,1,1,1,0
2013-09-30,2,2,91267.0,70.0,0,1,0,0,1,1,1,0
2013-09-30,2,3,117878.0,70.0,0,1,0,0,1,1,1,0
2013-09-30,2,4,177671.0,70.0,0,1,0,0,1,1,1,0
2013-09-30,2,5,331275.0,70.0,0,1,0,0,1,1,1,0
2013-09-30,223,1,53705.0,56.0,0,0,1,0,1,1,1,0
2013-09-30,223,2,69332.0,56.0,0,0,1,0,1,1,1,0
2013-09-30,223,3,99779.0,56.0,0,0,1,0,1,1,1,0
2013-09-30,1811,2,,,0,0,0,1,1,1,0,1
2013-09-30,2134,2,84324.0,,1,0,0,0,1,1,1,0
2013-10-31,2,1,72275.0,75.0,0,1,0,0,1,1,1,0
2013-10-31,2,2,92183.0,75.0,0,1,0,0,1,1,1,0
2013-10-31,2,3,119186.0,75.0,0,1,0,0,1,1,1,0
2013-10-31,2,4,179445.0,75.0,0,1,0,0,1,1,1,0
2013-10-31,2,5,334424.0,75.0,0,1,0,0,1,1,1,0
2013-10-31,223,1,54204.0,59.0,0,0,1,0,1,1,1,0
2013-10-31,223,2,70425.0,59.0,0,0,1,0,1,1,1,0
2013-10-31,223,3,100907.0,59.0,0,0,1,0,1,1,1,0
2013-10-31,1811,2,,,0,0,0,1,1,1,0,1
2013-10-31,2134,2,86016.0,,1,0,0,0,1,1,1,0
2013-11-30,2,1,73054.0,76.0,0,1,0,0,1,1,1,0
2013-11-30,2,2,93252.0,76.0,0,1,0,0,1,1,1,0
2013-11-30,2,3,120499.0,76.0,0,1,0,0,1,1,1,0
2013-11-30,2,4,181251.0,76.0,0,1,0,0,1,1,1,0
2013-11-30,2,5,337713.0,76.0,0,1,0,0,1,1,1,0
2013-11-30,223,1,54402.0,63.5,0,0,1,0,1,1,1,0
2013-11-30,223,2,71178.0,63.5,0,0,1,0,1,1,1,0
2013-11-30,223,3,101896.0,63.5,0,0,1,0,1,1,1,0
2013-11-30,1811,2,,,0,0,0,1,1,1,0,1
2013-11-30,2134,2,87329.0,,1,0,0,0,1,1,1,0
2013-12-31,2,1,73666.0,77.0,0,1,0,0,1,1,1,0
2013-12-31,2,2,94232.0,77.0,0,1,0,0,1,1,1,0
2013-12-31,2,3,121720.0,77.0,0,1,0,0,1,1,1,0
2013-12-31,2,4,182834.0,77.0,0,1,0,0,1,1,1,0
2013-12-31,2,5,340565.0,77.0,0,1,0,0,1,1,1,0
2013-12-31,223,1,54640.0,61.0,0,0,1,0,1,1,1,0
2013-12-31,223,2,71892.0,61.0,0,0,1,0,1,1,1,0
2013-12-31,223,3,102760.0,61.0,0,0,1,0,1,1,1,0
2013-12-31,1811,2,,,0,0,0,1,1,1,0,1
2013-12-31,2134,2,88187.0,,1,0,0,0,1,1,1,0
2014-01-31,2,1,74422.0,83.0,0,1,0,0,1,1,1,0
2014-01-31,2,2,95217.0,83.0,0,1,0,0,1,1,1,0
2014-01-31,2,3,122787.0,83.0,0,1,0,0,1,1,1,0
2014-01-31,2,4,184194.0,83.0,0,1,0,0,1,1,1,0
2014-01-31,2,5,342966.0,83.0,0,1,0,0,1,1,1,0
2014-01-31,223,1,55057.0,77.0,0,0,1,0,1,1,1,0
2014-01-31,223,2,72466.0,77.0,0,0,1,0,1,1,1,0
2014-01-31,223,3,103506.0,77.0,0,0,1,0,1,1,1,0
2014-01-31,1811,2,,,0,0,0,1,1,1,0,1
2014-01-31,2134,2,88463.0,,1,0,0,0,1,1,1,0
2014-02-28,2,1,75160.0,80.0,0,1,0,0,1,1,1,0
2014-02-28,2,2,96118.0,80.0,0,1,0,0,1,1,1,0
2014-02-28,2,3,123887.0,80.0,0,1,0,0,1,1,1,0
2014-02-28,2,4,185553.0,80.0,0,1,0,0,1,1,1,0
2014-02-28,2,5,345061.0,80.0,0,1,0,0,1,1,1,0
2014-02-28,223,1,55593.0,59.0,0,0,1,0,1,1,1,0
2014-02-28,223,2,73317.0,59.0,0,0,1,0,1,1,1,0
2014-02-28,223,3,104196.0,59.0,0,0,1,0,1,1,1,0
2014-02-28,1811,2,,,0,0,0,1,1,1,0,1
2014-02-28,2134,2,88878.0,,1,0,0,0,1,1,1,0
2014-03-31,2,1,75576.0,64.0,0,1,0,0,1,1,1,0
2014-03-31,2,2,96679.0,64.0,0,1,0,0,1,1,1,0
2014-03-31,2,3,124602.0,64.0,0,1,0,0,1,1,1,0
2014-03-31,2,4,186260.0,64.0,0,1,0,0,1,1,1,0
2014-03-31,2,5,345731.0,64.0,0,1,0,0,1,1,1,0
2014-03-31,223,1,55669.0,54.5,0,0,1,0,1,1,1,0
2014-03-31,223,2,74090.0,54.5,0,0,1,0,1,1,1,0
2014-03-31,223,3,104527.0,54.5,0,0,1,0,1,1,1,0
2014-03-31,1811,2,,,0,0,0,1,1,1,0,1
2014-03-31,2134,2,89237.0,,1,0,0,0,1,1,1,0
2014-04-30,2,1,76047.0,65.0,0,1,0,0,1,1,1,0
2014-04-30,2,2,97309.0,65.0,0,1,0,0,1,1,1,0
2014-04-30,2,3,125349.0,65.0,0,1,0,0,1,1,1,0
2014-04-30,2,4,187092.0,65.0,0,1,0,0,1,1,1,0
2014-04-30,2,5,346704.0,65.0,0,1,0,0,1,1,1,0
2014-04-30,223,1,55556.0,47.0,0,0,1,0,1,1,1,0
2014-04-30,223,2,74731.0,47.0,0,0,1,0,1,1,1,0
2014-04-30,223,3,105016.0,47.0,0,0,1,0,1,1,1,0
2014-04-30,1811,2,,,0,0,0,1,1,1,0,1
2014-04-30,2134,2,89941.0,,1,0,0,0,1,1,1,0
2014-05-31,2,1,76451.0,61.0,0,1,0,0,1,1,1,0
2014-05-31,2,2,97911.0,61.0,0,1,0,0,1,1,1,0
2014-05-31,2,3,126099.0,61.0,0,1,0,0,1,1,1,0
2014-05-31,2,4,187916.0,61.0,0,1,0,0,1,1,1,0
2014-05-31,2,5,347837.0,61.0,0,1,0,0,1,1,1,0
2014-05-31,223,1,55150.0,48.0,0,0,1,0,1,1,1,0
2014-05-31,223,2,74933.0,48.0,0,0,1,0,1,1,1,0
2014-05-31,223,3,105555.0,48.0,0,0,1,0,1,1,1,0
2014-05-31,1811,2,,,0,0,0,1,1,1,0,1
2014-05-31,2134,2,90023.0,,1,0,0,0,1,1,1,0
2014-06-30,2,1,77270.0,63.0,0,1,0,0,1,1,1,0
2014-06-30,2,2,98875.0,63.0,0,1,0,0,1,1,1,0
2014-06-30,2,3,127385.0,63.0,0,1,0,0,1,1,1,0
2014-06-30,2,4,189578.0,63.0,0,1,0,0,1,1,1,0
2014-06-30,2,5,350522.0,63.0,0,1,0,0,1,1,1,0
2014-06-30,223,1,55191.0,46.0,0,0,1,0,1,1,1,0
2014-06-30,223,2,75188.0,46.0,0,0,1,0,1,1,1,0
2014-06-30,223,3,106541.0,46.0,0,0,1,0,1,1,1,0
2014-06-30,1811,2,,,0,0,0,1,1,1,0,1
2014-06-30,2134,2,90875.0,,1,0,0,0,1,1,1,0
2014-07-31,2,1,78094.0,59.0,0,1,0,0,1,1,1,0
2014-07-31,2,2,99837.0,59.0,0,1,0,0,1,1,1,0
2014-07-31,2,3,128711.0,59.0,0,1,0,0,1,1,1,0
2014-07-31,2,4,191297.0,59.0,0,1,0,0,1,1,1,0
2014-07-31,2,5,353691.0,59.0,0,1,0,0,1,1,1,0
2014-07-31,223,1,54995.0,49.0,0,0,1,0,1,1,1,0
2014-07-31,223,2,75478.0,49.0,0,0,1,0,1,1,1,0
2014-07-31,223,3,107544.0,49.0,0,0,1,0,1,1,1,0
2014-07-31,1811,2,,,0,0,0,1,1,1,0,1
2014-07-31,2134,2,90894.0,,1,0,0,0,1,1,1,0
2014-08-31,2,1,79094.0,58.0,0,1,0,0,1,1,1,0
2014-08-31,2,2,101017.0,58.0,0,1,0,0,1,1,1,0
2014-08-31,2,3,130304.0,58.0,0,1,0,0,1,1,1,0
2014-08-31,2,4,193420.0,58.0,0,1,0,0,1,1,1,0
2014-08-31,2,5,357879.0,58.0,0,1,0,0,1,1,1,0
2014-08-31,223,1,55322.0,50.0,0,0,1,0,1,1,1,0
2014-08-31,223,2,76001.0,50.0,0,0,1,0,1,1,1,0
2014-08-31,223,3,108656.0,50.0,0,0,1,0,1,1,1,0
2014-08-31,1811,2,,,0,0,0,1,1,1,0,1
2014-08-31,2134,2,91454.0,,1,0,0,0,1,1,1,0
2014-09-30,2,1,80001.0,62.0,0,1,0,0,1,1,1,0
2014-09-30,2,2,102290.0,62.0,0,1,0,0,1,1,1,0
2014-09-30,2,3,131829.0,62.0,0,1,0,0,1,1,1,0
2014-09-30,2,4,195492.0,62.0,0,1,0,0,1,1,1,0
2014-09-30,2,5,362116.0,62.0,0,1,0,0,1,1,1,0
2014-09-30,223,1,55341.0,54.0,0,0,1,0,1,1,1,0
2014-09-30,223,2,76384.0,54.0,0,0,1,0,1,1,1,0
2014-09-30,223,3,109599.0,54.0,0,0,1,0,1,1,1,0
2014-09-30,1811,2,,,0,0,0,1,1,1,0,1
2014-09-30,2134,2,91361.0,,1,0,0,0,1,1,1,0
2014-10-31,2,1,80808.0,66.0,0,1,0,0,1,1,1,0
2014-10-31,2,2,103382.0,66.0,0,1,0,0,1,1,1,0
2014-10-31,2,3,133159.0,66.0,0,1,0,0,1,1,1,0
2014-10-31,2,4,197299.0,66.0,0,1,0,0,1,1,1,0
2014-10-31,2,5,365511.0,66.0,0,1,0,0,1,1,1,0
2014-10-31,223,1,55567.0,53.5,0,0,1,0,1,1,1,0
2014-10-31,223,2,76439.0,53.5,0,0,1,0,1,1,1,0
2014-10-31,223,3,110185.0,53.5,0,0,1,0,1,1,1,0
2014-10-31,1811,2,,,0,0,0,1,1,1,0,1
2014-10-31,2134,2,91694.0,,1,0,0,0,1,1,1,0
2014-11-30,2,1,81668.0,68.0,0,1,0,0,1,1,1,0
2014-11-30,2,2,104449.0,68.0,0,1,0,0,1,1,1,0
2014-11-30,2,3,134275.0,68.0,0,1,0,0,1,1,1,0
2014-11-30,2,4,198816.0,68.0,0,1,0,0,1,1,1,0
2014-11-30,2,5,368105.0,68.0,0,1,0,0,1,1,1,0
2014-11-30,223,1,55862.0,54.0,0,0,1,0,1,1,1,0
2014-11-30,223,2,76647.0,54.0,0,0,1,0,1,1,1,0
2014-11-30,223,3,110741.0,54.0,0,0,1,0,1,1,1,0
2014-11-30,1811,2,,,0,0,0,1,1,1,0,1
2014-11-30,2134,2,92209.0,,1,0,0,0,1,1,1,0
2014-12-31,2,1,82763.0,69.0,0,1,0,0,1,1,1,0
2014-12-31,2,2,105479.0,69.0,0,1,0,0,1,1,1,0
2014-12-31,2,3,135391.0,69.0,0,1,0,0,1,1,1,0
2014-12-31,2,4,200379.0,69.0,0,1,0,0,1,1,1,0
2014-12-31,2,5,370759.0,69.0,0,1,0,0,1,1,1,0
2014-12-31,223,1,56293.0,51.0,0,0,1,0,1,1,1,0
2014-12-31,223,2,77070.0,51.0,0,0,1,0,1,1,1,0
2014-12-31,223,3,111406.0,51.0,0,0,1,0,1,1,1,0
2014-12-31,1811,2,,,0,0,0,1,1,1,0,1
2014-12-31,2134,2,92774.0,,1,0,0,0,1,1,1,0
2015-01-31,2,1,83791.0,74.5,0,1,0,0,1,1,1,0
2015-01-31,2,2,106402.0,74.5,0,1,0,0,1,1,1,0
2015-01-31,2,3,136505.0,74.5,0,1,0,0,1,1,1,0
2015-01-31,2,4,201819.0,74.5,0,1,0,0,1,1,1,0
2015-01-31,2,5,373130.0,74.5,0,1,0,0,1,1,1,0
2015-01-31,223,1,56220.0,62.0,0,0,1,0,1,1,1,0
2015-01-31,223,2,77320.0,62.0,0,0,1,0,1,1,1,0
2015-01-31,223,3,112231.0,62.0,0,0,1,0,1,1,1,0
2015-01-31,1811,2,,,0,0,0,1,1,1,0,1
2015-01-31,2134,2,92983.0,,1,0,0,0,1,1,1,0
2015-02-28,2,1,84496.0,69.0,0,1,0,0,1,1,1,0
2015-02-28,2,2,107178.0,69.0,0,1,0,0,1,1,1,0
2015-02-28,2,3,137515.0,69.0,0,1,0,0,1,1,1,0
2015-02-28,2,4,203047.0,69.0,0,1,0,0,1,1,1,0
2015-02-28,2,5,375241.0,69.0,0,1,0,0,1,1,1,0
2015-02-28,223,1,55969.0,45.0,0,0,1,0,1,1,1,0
2015-02-28,223,2,77129.0,45.0,0,0,1,0,1,1,1,0
2015-02-28,223,3,112987.0,45.0,0,0,1,0,1,1,1,0
2015-02-28,1811,2,,,0,0,0,1,1,1,0,1
2015-02-28,2134,2,93113.0,,1,0,0,0,1,1,1,0
2015-03-31,2,1,85391.0,59.0,0,1,0,0,1,1,1,0
2015-03-31,2,2,108118.0,59.0,0,1,0,0,1,1,1,0
2015-03-31,2,3,138753.0,59.0,0,1,0,0,1,1,1,0
2015-03-31,2,4,204677.0,59.0,0,1,0,0,1,1,1,0
2015-03-31,2,5,378108.0,59.0,0,1,0,0,1,1,1,0
2015-03-31,223,1,55704.0,43.0,0,0,1,0,1,1,1,0
2015-03-31,223,2,77009.0,43.0,0,0,1,0,1,1,1,0
2015-03-31,223,3,114036.0,43.0,0,0,1,0,1,1,1,0
2015-03-31,1811,2,,,0,0,0,1,1,1,0,1
2015-03-31,2134,2,93632.0,,1,0,0,0,1,1,1,0
2015-04-30,2,1,86103.0,62.0,0,1,0,0,1,1,1,0
2015-04-30,2,2,108983.0,62.0,0,1,0,0,1,1,1,0
2015-04-30,2,3,139930.0,62.0,0,1,0,0,1,1,1,0
2015-04-30,2,4,206312.0,62.0,0,1,0,0,1,1,1,0
2015-04-30,2,5,380839.0,62.0,0,1,0,0,1,1,1,0
2015-04-30,223,1,55809.0,49.0,0,0,1,0,1,1,1,0
2015-04-30,223,2,77014.0,49.0,0,0,1,0,1,1,1,0
2015-04-30,223,3,114855.0,49.0,0,0,1,0,1,1,1,0
2015-04-30,1811,2,,,0,0,0,1,1,1,0,1
2015-04-30,2134,2,94316.0,,1,0,0,0,1,1,1,0
2015-05-31,2,1,86978.0,61.0,0,1,0,0,1,1,1,0
2015-05-31,2,2,109783.0,61.0,0,1,0,0,1,1,1,0
2015-05-31,2,3,141026.0,61.0,0,1,0,0,1,1,1,0
2015-05-31,2,4,207891.0,61.0,0,1,0,0,1,1,1,0
2015-05-31,2,5,383401.0,61.0,0,1,0,0,1,1,1,0
2015-05-31,223,1,55884.0,47.0,0,0,1,0,1,1,1,0
2015-05-31,223,2,77322.0,47.0,0,0,1,0,1,1,1,0
2015-05-31,223,3,115638.0,47.0,0,0,1,0,1,1,1,0
2015-05-31,1811,2,,,0,0,0,1,1,1,0,1
2015-05-31,2134,2,94783.0,,1,0,0,0,1,1,1,0
2015-06-30,2,1,87477.0,63.0,0,1,0,0,1,1,1,0
2015-06-30,2,2,110309.0,63.0,0,1,0,0,1,1,1,0
2015-06-30,2,3,141773.0,63.0,0,1,0,0,1,1,1,0
2015-06-30,2,4,208915.0,63.0,0,1,0,0,1,1,1,0
2015-06-30,2,5,384980.0,63.0,0,1,0,0,1,1,1,0
2015-06-30,223,1,55886.0,50.0,0,0,1,0,1,1,1,0
2015-06-30,223,2,77536.0,50.0,0,0,1,0,1,1,1,0
2015-06-30,223,3,116185.0,50.0,0,0,1,0,1,1,1,0
2015-06-30,1811,2,,,0,0,0,1,1,1,0,1
2015-06-30,2134,2,94722.0,,1,0,0,0,1,1,1,0
2015-07-31,2,1,87814.0,65.0,0,1,0,0,1,1,1,0
2015-07-31,2,2,110673.0,65.0,0,1,0,0,1,1,1,0
2015-07-31,2,3,142246.0,65.0,0,1,0,0,1,1,1,0
2015-07-31,2,4,209506.0,65.0,0,1,0,0,1,1,1,0
2015-07-31,2,5,385703.0,65.0,0,1,0,0,1,1,1,0
2015-07-31,223,1,55945.0,50.0,0,0,1,0,1,1,1,0
2015-07-31,223,2,77740.0,50.0,0,0,1,0,1,1,1,0
2015-07-31,223,3,116642.0,50.0,0,0,1,0,1,1,1,0
2015-07-31,1811,2,,,0,0,0,1,1,1,0,1
2015-07-31,2134,2,95228.0,,1,0,0,0,1,1,1,0
2015-08-31,2,1,88266.0,63.0,0,1,0,0,1,1,1,0
2015-08-31,2,2,111207.0,63.0,0,1,0,0,1,1,1,0
2015-08-31,2,3,142750.0,63.0,0,1,0,0,1,1,1,0
2015-08-31,2,4,210019.0,63.0,0,1,0,0,1,1,1,0
2015-08-31,2,5,386004.0,63.0,0,1,0,0,1,1,1,0
2015-08-31,223,1,56307.0,46.0,0,0,1,0,1,1,1,0
2015-08-31,223,2,78255.0,46.0,0,0,1,0,1,1,1,0
2015-08-31,223,3,117362.0,46.0,0,0,1,0,1,1,1,0
2015-08-31,1811,2,,,0,0,0,1,1,1,0,1
2015-08-31,2134,2,95711.0,,1,0,0,0,1,1,1,0
2015-09-30,2,1,88828.0,66.0,0,1,0,0,1,1,1,0
2015-09-30,2,2,111489.0,66.0,0,1,0,0,1,1,1,0
2015-09-30,2,3,143211.0,66.0,0,1,0,0,1,1,1,0
2015-09-30,2,4,210383.0,66.0,0,1,0,0,1,1,1,0
2015-09-30,2,5,385616.0,66.0,0,1,0,0,1,1,1,0
2015-09-30,223,1,56900.0,53.0,0,0,1,0,1,1,1,0
2015-09-30,223,2,79073.0,53.0,0,0,1,0,1,1,1,0
2015-09-30,223,3,118103.0,53.0,0,0,1,0,1,1,1,0
2015-09-30,1811,2,,,0,0,0,1,1,1,0,1
2015-09-30,2134,2,96060.0,,1,0,0,0,1,1,1,0
2015-10-31,2,1,89718.0,70.0,0,1,0,0,1,1,1,0
2015-10-31,2,2,112074.0,70.0,0,1,0,0,1,1,1,0
2015-10-31,2,3,144009.0,70.0,0,1,0,0,1,1,1,0
2015-10-31,2,4,211177.0,70.0,0,1,0,0,1,1,1,0
2015-10-31,2,5,386016.0,70.0,0,1,0,0,1,1,1,0
2015-10-31,223,1,57295.0,54.0,0,0,1,0,1,1,1,0
2015-10-31,223,2,79932.0,54.0,0,0,1,0,1,1,1,0
2015-10-31,223,3,119163.0,54.0,0,0,1,0,1,1,1,0
2015-10-31,1811,2,111489.0,,0,0,0,1,1,1,0,1
2015-10-31,2134,2,96026.0,,1,0,0,0,1,1,1,0
2015-11-30,2,1,89997.0,76.0,0,1,0,0,1,1,1,0
2015-11-30,2,2,112058.0,76.0,0,1,0,0,1,1,1,0
2015-11-30,2,3,144514.0,76.0,0,1,0,0,1,1,1,0
2015-11-30,2,4,211581.0,76.0,0,1,0,0,1,1,1,0
2015-11-30,2,5,385822.0,76.0,0,1,0,0,1,1,1,0
2015-11-30,223,1,57239.0,62.0,0,0,1,0,1,1,1,0
2015-11-30,223,2,80340.0,62.0,0,0,1,0,1,1,1,0
2015-11-30,223,3,119813.0,62.0,0,0,1,0,1,1,1,0
2015-11-30,1811,2,112146.0,,0,0,0,1,1,1,0,1
2015-11-30,2134,2,95732.0,,1,0,0,0,1,1,1,0
2015-12-31,2,1,90093.0,81.0,0,1,0,0,1,1,1,0
2015-12-31,2,2,112264.0,81.0,0,1,0,0,1,1,1,0
2015-12-31,2,3,145075.0,81.0,0,1,0,0,1,1,1,0
2015-12-31,2,4,212044.0,81.0,0,1,0,0,1,1,1,0
2015-12-31,2,5,385954.0,81.0,0,1,0,0,1,1,1,0
2015-12-31,223,1,56953.0,64.0,0,0,1,0,1,1,1,0
2015-12-31,223,2,80291.0,64.0,0,0,1,0,1,1,1,0
2015-12-31,223,3,120406.0,64.0,0,0,1,0,1,1,1,0
2015-12-31,1811,2,113321.0,,0,0,0,1,1,1,0,1
2015-12-31,2134,2,95701.0,,1,0,0,0,1,1,1,0
2016-01-31,2,1,90467.0,89.0,0,1,0,0,1,1,1,0
2016-01-31,2,2,112864.0,89.0,0,1,0,0,1,1,1,0
2016-01-31,2,3,145951.0,89.0,0,1,0,0,1,1,1,0
2016-01-31,2,4,213010.0,89.0,0,1,0,0,1,1,1,0
2016-01-31,2,5,386956.0,89.0,0,1,0,0,1,1,1,0
2016-01-31,223,1,57339.0,75.5,0,0,1,0,1,1,1,0
2016-01-31,223,2,81074.0,75.5,0,0,1,0,1,1,1,0
2016-01-31,223,3,121308.0,75.5,0,0,1,0,1,1,1,0
2016-01-31,1811,2,116067.0,,0,0,0,1,1,1,0,1
2016-01-31,2134,2,96506.0,,1,0,0,0,1,1,1,0
2016-02-29,2,1,91227.0,89.0,0,1,0,0,1,1,1,0
2016-02-29,2,2,113740.0,89.0,0,1,0,0,1,1,1,0
2016-02-29,2,3,146827.0,89.0,0,1,0,0,1,1,1,0
2016-02-29,2,4,214034.0,89.0,0,1,0,0,1,1,1,0
2016-02-29,2,5,388030.0,89.0,0,1,0,0,1,1,1,0
2016-02-29,223,1,58100.0,57.5,0,0,1,0,1,1,1,0
2016-02-29,223,2,82233.0,57.5,0,0,1,0,1,1,1,0
2016-02-29,223,3,122110.0,57.5,0,0,1,0,1,1,1,0
2016-02-29,1811,2,119566.0,,0,0,0,1,1,1,0,1
2016-02-29,2134,2,97292.0,,1,0,0,0,1,1,1,0
2016-03-31,2,1,91990.0,76.0,0,1,0,0,1,1,1,0
2016-03-31,2,2,114389.0,76.0,0,1,0,0,1,1,1,0
2016-03-31,2,3,147397.0,76.0,0,1,0,0,1,1,1,0
2016-03-31,2,4,214595.0,76.0,0,1,0,0,1,1,1,0
2016-03-31,2,5,388152.0,76.0,0,1,0,0,1,1,1,0
2016-03-31,223,1,59239.0,54.0,0,0,1,0,1,1,1,0
2016-03-31,223,2,83259.0,54.0,0,0,1,0,1,1,1,0
2016-03-31,223,3,122624.0,54.0,0,0,1,0,1,1,1,0
2016-03-31,1811,2,123255.0,,0,0,0,1,1,1,0,1
2016-03-31,2134,2,97541.0,,1,0,0,0,1,1,1,0
2016-04-30,2,1,92460.0,68.0,0,1,0,0,1,1,1,0
2016-04-30,2,2,114545.0,68.0,0,1,0,0,1,1,1,0
2016-04-30,2,3,147527.0,68.0,0,1,0,0,1,1,1,0
2016-04-30,2,4,214463.0,68.0,0,1,0,0,1,1,1,0
2016-04-30,2,5,387137.0,68.0,0,1,0,0,1,1,1,0
2016-04-30,223,1,59954.0,48.0,0,0,1,0,1,1,1,0
2016-04-30,223,2,83662.0,48.0,0,0,1,0,1,1,1,0
2016-04-30,223,3,123003.0,48.0,0,0,1,0,1,1,1,0
2016-04-30,1811,2,126042.0,,0,0,0,1,1,1,0,1
2016-04-30,2134,2,97451.0,,1,0,0,0,1,1,1,0
2016-05-31,2,1,92938.0,67.0,0,1,0,0,1,1,1,0
2016-05-31,2,2,114876.0,67.0,0,1,0,0,1,1,1,0
2016-05-31,2,3,147984.0,67.0,0,1,0,0,1,1,1,0
2016-05-31,2,4,214725.0,67.0,0,1,0,0,1,1,1,0
2016-05-31,2,5,386645.0,67.0,0,1,0,0,1,1,1,0
2016-05-31,223,1,60719.0,57.0,0,0,1,0,1,1,1,0
2016-05-31,223,2,84127.0,57.0,0,0,1,0,1,1,1,0
2016-05-31,223,3,123692.0,57.0,0,0,1,0,1,1,1,0
2016-05-31,1811,2,128383.0,,0,0,0,1,1,1,0,1
2016-05-31,2134,2,98126.0,,1,0,0,0,1,1,1,0
2016-06-30,2,1,93633.0,72.0,0,1,0,0,1,1,1,0
2016-06-30,2,2,115520.0,72.0,0,1,0,0,1,1,1,0
2016-06-30,2,3,148634.0,72.0,0,1,0,0,1,1,1,0
2016-06-30,2,4,215286.0,72.0,0,1,0,0,1,1,1,0
2016-06-30,2,5,386741.0,72.0,0,1,0,0,1,1,1,0
2016-06-30,223,1,61318.0,51.0,0,0,1,0,1,1,1,0
2016-06-30,223,2,84729.0,51.0,0,0,1,0,1,1,1,0
2016-06-30,223,3,124579.0,51.0,0,0,1,0,1,1,1,0
2016-06-30,1811,2,130457.0,79.0,0,0,0,1,1,1,0,1
2016-06-30,2134,2,99355.0,,1,0,0,0,1,1,1,0
2016-07-31,2,1,94544.0,71.0,0,1,0,0,1,1,1,0
2016-07-31,2,2,116408.0,71.0,0,1,0,0,1,1,1,0
2016-07-31,2,3,149571.0,71.0,0,1,0,0,1,1,1,0
2016-07-31,2,4,216279.0,71.0,0,1,0,0,1,1,1,0
2016-07-31,2,5,387175.0,71.0,0,1,0,0,1,1,1,0
2016-07-31,223,1,61969.0,57.0,0,0,1,0,1,1,1,0
2016-07-31,223,2,85440.0,57.0,0,0,1,0,1,1,1,0
2016-07-31,223,3,125522.0,57.0,0,0,1,0,1,1,1,0
2016-07-31,1811,2,131892.0,62.0,0,0,0,1,1,1,0,1
2016-07-31,2134,2,100391.0,,1,0,0,0,1,1,1,0
2016-08-31,2,1,94881.0,73.0,0,1,0,0,1,1,1,0
2016-08-31,2,2,116615.0,73.0,0,1,0,0,1,1,1,0
2016-08-31,2,3,150108.0,73.0,0,1,0,0,1,1,1,0
2016-08-31,2,4,216757.0,73.0,0,1,0,0,1,1,1,0
2016-08-31,2,5,386949.0,73.0,0,1,0,0,1,1,1,0
2016-08-31,223,1,62047.0,60.0,0,0,1,0,1,1,1,0
2016-08-31,223,2,85235.0,60.0,0,0,1,0,1,1,1,0
2016-08-31,223,3,125953.0,60.0,0,0,1,0,1,1,1,0
2016-08-31,1811,2,132674.0,60.0,0,0,0,1,1,1,0,1
2016-08-31,2134,2,101316.0,,1,0,0,0,1,1,1,0
2016-09-30,2,1,94970.0,74.0,0,1,0,0,1,1,1,0
2016-09-30,2,2,116847.0,74.0,0,1,0,0,1,1,1,0
2016-09-30,2,3,150628.0,74.0,0,1,0,0,1,1,1,0
2016-09-30,2,4,217218.0,74.0,0,1,0,0,1,1,1,0
2016-09-30,2,5,386929.0,74.0,0,1,0,0,1,1,1,0
2016-09-30,223,1,62127.0,66.0,0,0,1,0,1,1,1,0
2016-09-30,223,2,85185.0,66.0,0,0,1,0,1,1,1,0
2016-09-30,223,3,126468.0,66.0,0,0,1,0,1,1,1,0
2016-09-30,1811,2,133112.0,60.0,0,0,0,1,1,1,0,1
2016-09-30,2134,2,102445.0,,1,0,0,0,1,1,1,0
2016-10-31,2,1,95050.0,84.0,0,1,0,0,1,1,1,0
2016-10-31,2,2,116956.0,84.0,0,1,0,0,1,1,1,0
2016-10-31,2,3,150988.0,84.0,0,1,0,0,1,1,1,0
2016-10-31,2,4,217353.0,84.0,0,1,0,0,1,1,1,0
2016-10-31,2,5,386720.0,84.0,0,1,0,0,1,1,1,0
2016-10-31,223,1,62637.0,66.0,0,0,1,0,1,1,1,0
2016-10-31,223,2,85323.0,66.0,0,0,1,0,1,1,1,0
2016-10-31,223,3,127016.0,66.0,0,0,1,0,1,1,1,0
2016-10-31,1811,2,133146.0,67.0,0,0,0,1,1,1,0,1
2016-10-31,2134,2,103536.0,,1,0,0,0,1,1,1,0
2016-11-30,2,1,95892.0,82.0,0,1,0,0,1,1,1,0
2016-11-30,2,2,117936.0,82.0,0,1,0,0,1,1,1,0
2016-11-30,2,3,151934.0,82.0,0,1,0,0,1,1,1,0
2016-11-30,2,4,218307.0,82.0,0,1,0,0,1,1,1,0
2016-11-30,2,5,387842.0,82.0,0,1,0,0,1,1,1,0
2016-11-30,223,1,63561.0,72.5,0,0,1,0,1,1,1,0
2016-11-30,223,2,85898.0,72.5,0,0,1,0,1,1,1,0
2016-11-30,223,3,128094.0,72.5,0,0,1,0,1,1,1,0
2016-11-30,1811,2,133980.0,78.0,0,0,0,1,1,1,0,1
2016-11-30,2134,2,104283.0,,1,0,0,0,1,1,1,0
2016-12-31,2,1,96789.0,83.0,0,1,0,0,1,1,1,0
2016-12-31,2,2,118832.0,83.0,0,1,0,0,1,1,1,0
2016-12-31,2,3,152914.0,83.0,0,1,0,0,1,1,1,0
2016-12-31,2,4,219320.0,83.0,0,1,0,0,1,1,1,0
2016-12-31,2,5,388934.0,83.0,0,1,0,0,1,1,1,0
2016-12-31,223,1,64710.0,76.0,0,0,1,0,1,1,1,0
2016-12-31,223,2,86714.0,76.0,0,0,1,0,1,1,1,0
2016-12-31,223,3,129132.0,76.0,0,0,1,0,1,1,1,0
2016-12-31,1811,2,134893.0,106.0,0,0,0,1,1,1,0,1
2016-12-31,2134,2,104908.0,,1,0,0,0,1,1,1,0
2017-01-31,2,1,97146.0,90.0,0,1,0,0,1,1,1,0
2017-01-31,2,2,119222.0,90.0,0,1,0,0,1,1,1,0
2017-01-31,2,3,153370.0,90.0,0,1,0,0,1,1,1,0
2017-01-31,2,4,219682.0,90.0,0,1,0,0,1,1,1,0
2017-01-31,2,5,389004.0,90.0,0,1,0,0,1,1,1,0
2017-01-31,223,1,65031.0,74.0,0,0,1,0,1,1,1,0
2017-01-31,223,2,86920.0,74.0,0,0,1,0,1,1,1,0
2017-01-31,223,3,129466.0,74.0,0,0,1,0,1,1,1,0
2017-01-31,1811,2,135571.0,64.0,0,0,0,1,1,1,0,1
2017-01-31,2134,2,105041.0,,1,0,0,0,1,1,1,0
2017-02-28,2,1,97380.0,94.0,0,1,0,0,1,1,1,0
2017-02-28,2,2,119490.0,94.0,0,1,0,0,1,1,1,0
2017-02-28,2,3,153841.0,94.0,0,1,0,0,1,1,1,0
2017-02-28,2,4,220010.0,94.0,0,1,0,0,1,1,1,0
2017-02-28,2,5,388874.0,94.0,0,1,0,0,1,1,1,0
2017-02-28,223,1,65170.0,65.0,0,0,1,0,1,1,1,0
2017-02-28,223,2,87363.0,65.0,0,0,1,0,1,1,1,0
2017-02-28,223,3,130047.0,65.0,0,0,1,0,1,1,1,0
2017-02-28,1811,2,135254.0,83.5,0,0,0,1,1,1,0,1
2017-02-28,2134,2,105714.0,,1,0,0,0,1,1,1,0
2017-03-31,2,1,97511.0,75.0,0,1,0,0,1,1,1,0
2017-03-31,2,2,119904.0,75.0,0,1,0,0,1,1,1,0
2017-03-31,2,3,154429.0,75.0,0,1,0,0,1,1,1,0
2017-03-31,2,4,220443.0,75.0,0,1,0,0,1,1,1,0
2017-03-31,2,5,389089.0,75.0,0,1,0,0,1,1,1,0
2017-03-31,223,1,64898.0,58.0,0,0,1,0,1,1,1,0
2017-03-31,223,2,87768.0,58.0,0,0,1,0,1,1,1,0
2017-03-31,223,3,130821.0,58.0,0,0,1,0,1,1,1,0
2017-03-31,1811,2,133543.0,60.0,0,0,0,1,1,1,0,1
2017-03-31,2134,2,106440.0,,1,0,0,0,1,1,1,0
2017-04-30,2,1,97738.0,70.0,0,1,0,0,1,1,1,0
2017-04-30,2,2,120674.0,70.0,0,1,0,0,1,1,1,0
2017-04-30,2,3,155364.0,70.0,0,1,0,0,1,1,1,0
2017-04-30,2,4,221278.0,70.0,0,1,0,0,1,1,1,0
2017-04-30,2,5,389863.0,70.0,0,1,0,0,1,1,1,0
2017-04-30,223,1,64958.0,52.0,0,0,1,0,1,1,1,0
2017-04-30,223,2,88596.0,52.0,0,0,1,0,1,1,1,0
2017-04-30,223,3,131921.0,52.0,0,0,1,0,1,1,1,0
2017-04-30,1811,2,133055.0,61.0,0,0,0,1,1,1,0,1
2017-04-30,2134,2,107246.0,,1,0,0,0,1,1,1,0
2017-05-31,2,1,97789.0,67.0,0,1,0,0,1,1,1,0
2017-05-31,2,2,121225.0,67.0,0,1,0,0,1,1,1,0
2017-05-31,2,3,155990.0,67.0,0,1,0,0,1,1,1,0
2017-05-31,2,4,221685.0,67.0,0,1,0,0,1,1,1,0
2017-05-31,2,5,390187.0,67.0,0,1,0,0,1,1,1,0
2017-05-31,223,1,64974.0,52.0,0,0,1,0,1,1,1,0
2017-05-31,223,2,89254.0,52.0,0,0,1,0,1,1,1,0
2017-05-31,223,3,132694.0,52.0,0,0,1,0,1,1,1,0
2017-05-31,1811,2,132441.0,58.0,0,0,0,1,1,1,0,1
2017-05-31,2134,2,107789.0,,1,0,0,0,1,1,1,0
2017-06-30,2,1,97965.0,68.0,0,1,0,0,1,1,1,0
2017-06-30,2,2,121618.0,68.0,0,1,0,0,1,1,1,0
2017-06-30,2,3,156524.0,68.0,0,1,0,0,1,1,1,0
2017-06-30,2,4,221985.0,68.0,0,1,0,0,1,1,1,0
2017-06-30,2,5,390170.0,68.0,0,1,0,0,1,1,1,0
2017-06-30,223,1,65363.0,52.0,0,0,1,0,1,1,1,0
2017-06-30,223,2,90254.0,52.0,0,0,1,0,1,1,1,0
2017-06-30,223,3,133341.0,52.0,0,0,1,0,1,1,1,0
2017-06-30,1811,2,131994.0,66.0,0,0,0,1,1,1,0,1
2017-06-30,2134,2,107627.0,,1,0,0,0,1,1,1,0
2017-07-31,2,1,98072.0,68.0,0,1,0,0,1,1,1,0
2017-07-31,2,2,121954.0,68.0,0,1,0,0,1,1,1,0
2017-07-31,2,3,156855.0,68.0,0,1,0,0,1,1,1,0
2017-07-31,2,4,222092.0,68.0,0,1,0,0,1,1,1,0
2017-07-31,2,5,390019.0,68.0,0,1,0,0,1,1,1,0
2017-07-31,223,1,65729.0,55.0,0,0,1,0,1,1,1,0
2017-07-31,223,2,91342.0,55.0,0,0,1,0,1,1,1,0
2017-07-31,223,3,133881.0,55.0,0,0,1,0,1,1,1,0
2017-07-31,1811,2,132226.0,55.5,0,0,0,1,1,1,0,1
2017-07-31,2134,2,107498.0,,1,0,0,0,1,1,1,0
2017-08-31,2,1,98264.0,71.0,0,1,0,0,1,1,1,0
2017-08-31,2,2,122527.0,71.0,0,1,0,0,1,1,1,0
2017-08-31,2,3,157085.0,71.0,0,1,0,0,1,1,1,0
2017-08-31,2,4,222181.0,71.0,0,1,0,0,1,1,1,0
2017-08-31,2,5,389909.0,71.0,0,1,0,0,1,1,1,0
2017-08-31,223,1,65705.0,58.0,0,0,1,0,1,1,1,0
2017-08-31,223,2,92189.0,58.0,0,0,1,0,1,1,1,0
2017-08-31,223,3,134177.0,58.0,0,0,1,0,1,1,1,0
2017-08-31,1811,2,133175.0,50.0,0,0,0,1,1,1,0,1
2017-08-31,2134,2,106436.0,,1,0,0,0,1,1,1,0
2017-09-30,2,1,98261.0,82.0,0,1,0,0,1,1,1,0
2017-09-30,2,2,123199.0,82.0,0,1,0,0,1,1,1,0
2017-09-30,2,3,157437.0,82.0,0,1,0,0,1,1,1,0
2017-09-30,2,4,222476.0,82.0,0,1,0,0,1,1,1,0
2017-09-30,2,5,390238.0,82.0,0,1,0,0,1,1,1,0
2017-09-30,223,1,65346.0,63.0,0,0,1,0,1,1,1,0
2017-09-30,223,2,92187.0,63.0,0,0,1,0,1,1,1,0
2017-09-30,223,3,134628.0,63.0,0,0,1,0,1,1,1,0
2017-09-30,1811,2,134441.0,65.0,0,0,0,1,1,1,0,1
2017-09-30,2134,2,106131.0,,1,0,0,0,1,1,1,0
2017-10-31,2,1,98300.0,89.0,0,1,0,0,1,1,1,0
2017-10-31,2,2,123866.0,89.0,0,1,0,0,1,1,1,0
2017-10-31,2,3,157841.0,89.0,0,1,0,0,1,1,1,0
2017-10-31,2,4,222853.0,89.0,0,1,0,0,1,1,1,0
2017-10-31,2,5,390638.0,89.0,0,1,0,0,1,1,1,0
2017-10-31,223,1,65044.0,75.0,0,0,1,0,1,1,1,0
2017-10-31,223,2,92028.0,75.0,0,0,1,0,1,1,1,0
2017-10-31,223,3,135063.0,75.0,0,0,1,0,1,1,1,0
2017-10-31,1811,2,136151.0,83.0,0,0,0,1,1,1,0,1
2017-10-31,2134,2,105924.0,,1,0,0,0,1,1,1,0
2017-11-30,2,1,98429.0,93.0,0,1,0,0,1,1,1,0
2017-11-30,2,2,124553.0,93.0,0,1,0,0,1,1,1,0
2017-11-30,2,3,158408.0,93.0,0,1,0,0,1,1,1,0
2017-11-30,2,4,223174.0,93.0,0,1,0,0,1,1,1,0
2017-11-30,2,5,390638.0,93.0,0,1,0,0,1,1,1,0
2017-11-30,223,1,65610.0,94.0,0,0,1,0,1,1,1,0
2017-11-30,223,2,92947.0,94.0,0,0,1,0,1,1,1,0
2017-11-30,223,3,135905.0,94.0,0,0,1,0,1,1,1,0
2017-11-30,1811,2,137720.0,59.0,0,0,0,1,1,1,0,1
2017-11-30,2134,2,106839.0,,1,0,0,0,1,1,1,0
2017-12-31,2,1,98793.0,80.0,0,1,0,0,1,1,1,0
2017-12-31,2,2,125269.0,80.0,0,1,0,0,1,1,1,0
2017-12-31,2,3,158927.0,80.0,0,1,0,0,1,1,1,0
2017-12-31,2,4,223367.0,80.0,0,1,0,0,1,1,1,0
2017-12-31,2,5,390197.0,80.0,0,1,0,0,1,1,1,0
2017-12-31,223,1,66193.0,92.0,0,0,1,0,1,1,1,0
2017-12-31,223,2,94234.0,92.0,0,0,1,0,1,1,1,0
2017-12-31,223,3,136804.0,92.0,0,0,1,0,1,1,1,0
2017-12-31,1811,2,137952.0,49.0,0,0,0,1,1,1,0,1
2017-12-31,2134,2,107570.0,,1,0,0,0,1,1,1,0
2018-01-31,2,1,99232.0,86.0,0,1,0,0,1,1,1,0
2018-01-31,2,2,125769.0,86.0,0,1,0,0,1,1,1,0
2018-01-31,2,3,159648.0,86.0,0,1,0,0,1,1,1,0
2018-01-31,2,4,223859.0,86.0,0,1,0,0,1,1,1,0
2018-01-31,2,5,390078.0,86.0,0,1,0,0,1,1,1,0
2018-01-31,223,1,67002.0,100.0,0,0,1,0,1,1,1,0
2018-01-31,223,2,95000.0,100.0,0,0,1,0,1,1,1,0
2018-01-31,223,3,138116.0,100.0,0,0,1,0,1,1,1,0
2018-01-31,1811,2,136607.0,53.0,0,0,0,1,1,1,0,1
2018-01-31,2134,2,108003.0,,1,0,0,0,1,1,1,0
2018-02-28,2,1,99434.0,92.0,0,1,0,0,1,1,1,0
2018-02-28,2,2,126073.0,92.0,0,1,0,0,1,1,1,0
2018-02-28,2,3,160235.0,92.0,0,1,0,0,1,1,1,0
2018-02-28,2,4,224291.0,92.0,0,1,0,0,1,1,1,0
2018-02-28,2,5,390002.0,92.0,0,1,0,0,1,1,1,0
2018-02-28,223,1,67444.0,79.0,0,0,1,0,1,1,1,0
2018-02-28,223,2,95051.0,79.0,0,0,1,0,1,1,1,0
2018-02-28,223,3,139193.0,79.0,0,0,1,0,1,1,1,0
2018-02-28,1811,2,133907.0,78.0,0,0,0,1,1,1,0,1
2018-02-28,2134,2,107619.0,,1,0,0,0,1,1,1,0
2018-03-31,2,1,99702.0,73.0,0,1,0,0,1,1,1,0
2018-03-31,2,2,126485.0,73.0,0,1,0,0,1,1,1,0
2018-03-31,2,3,160882.0,73.0,0,1,0,0,1,1,1,0
2018-03-31,2,4,224836.0,73.0,0,1,0,0,1,1,1,0
2018-03-31,2,5,390167.0,73.0,0,1,0,0,1,1,1,0
2018-03-31,223,1,68206.0,57.0,0,0,1,0,1,1,1,0
2018-03-31,223,2,95579.0,57.0,0,0,1,0,1,1,1,0
2018-03-31,223,3,140318.0,57.0,0,0,1,0,1,1,1,0
2018-03-31,1811,2,133380.0,72.0,0,0,0,1,1,1,0,1
2018-03-31,2134,2,107193.0,,1,0,0,0,1,1,1,0
2018-04-30,2,1,100296.0,61.0,0,1,0,0,1,1,1,0
2018-04-30,2,2,127443.0,61.0,0,1,0,0,1,1,1,0
2018-04-30,2,3,161813.0,61.0,0,1,0,0,1,1,1,0
2018-04-30,2,4,225774.0,61.0,0,1,0,0,1,1,1,0
2018-04-30,2,5,390993.0,61.0,0,1,0,0,1,1,1,0
2018-04-30,223,1,68832.0,60.0,0,0,1,0,1,1,1,0
2018-04-30,223,2,96940.0,60.0,0,0,1,0,1,1,1,0
2018-04-30,223,3,141482.0,60.0,0,0,1,0,1,1,1,0
2018-04-30,1811,2,133371.0,82.0,0,0,0,1,1,1,0,1
2018-04-30,2134,2,107196.0,,1,0,0,0,1,1,1,0
2018-05-31,2,1,100960.0,61.0,0,1,0,0,1,1,1,0
2018-05-31,2,2,128444.0,61.0,0,1,0,0,1,1,1,0
2018-05-31,2,3,162823.0,61.0,0,1,0,0,1,1,1,0
2018-05-31,2,4,226676.0,61.0,0,1,0,0,1,1,1,0
2018-05-31,2,5,391840.0,61.0,0,1,0,0,1,1,1,0
2018-05-31,223,1,69231.0,55.0,0,0,1,0,1,1,1,0
2018-05-31,223,2,98258.0,55.0,0,0,1,0,1,1,1,0
2018-05-31,223,3,142804.0,55.0,0,0,1,0,1,1,1,0
2018-05-31,1811,2,134739.0,55.0,0,0,0,1,1,1,0,1
2018-05-31,2134,2,108030.0,,1,0,0,0,1,1,1,0
2018-06-30,2,1,101299.0,66.0,0,1,0,0,1,1,1,0
2018-06-30,2,2,129305.0,66.0,0,1,0,0,1,1,1,0
2018-06-30,2,3,163679.0,66.0,0,1,0,0,1,1,1,0
2018-06-30,2,4,227410.0,66.0,0,1,0,0,1,1,1,0
2018-06-30,2,5,392429.0,66.0,0,1,0,0,1,1,1,0
2018-06-30,223,1,69402.0,63.0,0,0,1,0,1,1,1,0
2018-06-30,223,2,99399.0,63.0,0,0,1,0,1,1,1,0
2018-06-30,223,3,143914.0,63.0,0,0,1,0,1,1,1,0
2018-06-30,1811,2,136134.0,42.5,0,0,0,1,1,1,0,1
2018-06-30,2134,2,109281.0,,1,0,0,0,1,1,1,0
2018-07-31,2,1,101623.0,70.0,0,1,0,0,1,1,1,0
2018-07-31,2,2,130125.0,70.0,0,1,0,0,1,1,1,0
2018-07-31,2,3,164434.0,70.0,0,1,0,0,1,1,1,0
2018-07-31,2,4,227836.0,70.0,0,1,0,0,1,1,1,0
2018-07-31,2,5,392915.0,70.0,0,1,0,0,1,1,1,0
2018-07-31,223,1,69656.0,67.0,0,0,1,0,1,1,1,0
2018-07-31,223,2,100164.0,67.0,0,0,1,0,1,1,1,0
2018-07-31,223,3,144903.0,67.0,0,0,1,0,1,1,1,0
2018-07-31,1811,2,137802.0,47.0,0,0,0,1,1,1,0,1
2018-07-31,2134,2,110842.0,,1,0,0,0,1,1,1,0
2018-08-31,2,1,101855.0,69.0,0,1,0,0,1,1,1,0
2018-08-31,2,2,130990.0,69.0,0,1,0,0,1,1,1,0
2018-08-31,2,3,165336.0,69.0,0,1,0,0,1,1,1,0
2018-08-31,2,4,228669.0,69.0,0,1,0,0,1,1,1,0
2018-08-31,2,5,393711.0,69.0,0,1,0,0,1,1,1,0
2018-08-31,223,1,69972.0,75.5,0,0,1,0,1,1,1,0
2018-08-31,223,2,101517.0,75.5,0,0,1,0,1,1,1,0
2018-08-31,223,3,145884.0,75.5,0,0,1,0,1,1,1,0
2018-08-31,1811,2,139590.0,53.5,0,0,0,1,1,1,0,1
2018-08-31,2134,2,112031.0,,1,0,0,0,1,1,1,0
2018-09-30,2,1,102559.0,74.0,0,1,0,0,1,1,1,0
2018-09-30,2,2,131958.0,74.0,0,1,0,0,1,1,1,0
2018-09-30,2,3,166423.0,74.0,0,1,0,0,1,1,1,0
2018-09-30,2,4,229649.0,74.0,0,1,0,0,1,1,1,0
2018-09-30,2,5,394732.0,74.0,0,1,0,0,1,1,1,0
2018-09-30,223,1,70720.0,89.0,0,0,1,0,1,1,1,0
2018-09-30,223,2,103239.0,89.0,0,0,1,0,1,1,1,0
2018-09-30,223,3,146917.0,89.0,0,0,1,0,1,1,1,0
2018-09-30,1811,2,140629.0,65.0,0,0,0,1,1,1,0,1
2018-09-30,2134,2,112946.0,,1,0,0,0,1,1,1,0
2018-10-31,2,1,102767.0,80.0,0,1,0,0,1,1,1,0
2018-10-31,2,2,132684.0,80.0,0,1,0,0,1,1,1,0
2018-10-31,2,3,167327.0,80.0,0,1,0,0,1,1,1,0
2018-10-31,2,4,230337.0,80.0,0,1,0,0,1,1,1,0
2018-10-31,2,5,395248.0,80.0,0,1,0,0,1,1,1,0
2018-10-31,223,1,71104.0,83.0,0,0,1,0,1,1,1,0
2018-10-31,223,2,105099.0,83.0,0,0,1,0,1,1,1,0
2018-10-31,223,3,147761.0,83.0,0,0,1,0,1,1,1,0
2018-10-31,1811,2,140843.0,62.0,0,0,0,1,1,1,0,1
2018-10-31,2134,2,113352.0,,1,0,0,0,1,1,1,0
2018-11-30,2,1,103192.0,87.0,0,1,0,0,1,1,1,0
2018-11-30,2,2,133776.0,87.0,0,1,0,0,1,1,1,0
2018-11-30,2,3,168170.0,87.0,0,1,0,0,1,1,1,0
2018-11-30,2,4,230931.0,87.0,0,1,0,0,1,1,1,0
2018-11-30,2,5,396213.0,87.0,0,1,0,0,1,1,1,0
2018-11-30,223,1,71398.0,82.0,0,0,1,0,1,1,1,0
2018-11-30,223,2,106666.0,82.0,0,0,1,0,1,1,1,0
2018-11-30,223,3,148519.0,82.0,0,0,1,0,1,1,1,0
2018-11-30,1811,2,140888.0,79.0,0,0,0,1,1,1,0,1
2018-11-30,2134,2,114497.0,,1,0,0,0,1,1,1,0
2018-12-31,2,1,103437.0,89.0,0,1,0,0,1,1,1,0
2018-12-31,2,2,134826.0,89.0,0,1,0,0,1,1,1,0
2018-12-31,2,3,168976.0,89.0,0,1,0,0,1,1,1,0
2018-12-31,2,4,231544.0,89.0,0,1,0,0,1,1,1,0
2018-12-31,2,5,397360.0,89.0,0,1,0,0,1,1,1,0
2018-12-31,223,1,71537.0,90.0,0,0,1,0,1,1,1,0
2018-12-31,223,2,107967.0,90.0,0,0,1,0,1,1,1,0
2018-12-31,223,3,149218.0,90.0,0,0,1,0,1,1,1,0
2018-12-31,1811,2,143188.0,93.5,0,0,0,1,1,1,0,1
2018-12-31,2134,2,116048.0,,1,0,0,0,1,1,1,0
2019-01-31,2,1,104090.0,92.0,0,1,0,0,1,1,1,0
2019-01-31,2,2,136410.0,92.0,0,1,0,0,1,1,1,0
2019-01-31,2,3,170247.0,92.0,0,1,0,0,1,1,1,0
2019-01-31,2,4,232839.0,92.0,0,1,0,0,1,1,1,0
2019-01-31,2,5,399400.0,92.0,0,1,0,0,1,1,1,0
2019-01-31,223,1,72160.0,119.0,0,0,1,0,1,1,1,0
2019-01-31,223,2,109616.0,119.0,0,0,1,0,1,1,1,0
2019-01-31,223,3,150340.0,119.0,0,0,1,0,1,1,1,0
2019-01-31,1811,2,146995.0,60.0,0,0,0,1,1,1,0,1
2019-01-31,2134,2,118153.0,,1,0,0,0,1,1,1,0
2019-02-28,2,1,104592.0,92.0,0,1,0,0,1,1,1,0
2019-02-28,2,2,137433.0,92.0,0,1,0,0,1,1,1,0
2019-02-28,2,3,171291.0,92.0,0,1,0,0,1,1,1,0
2019-02-28,2,4,233783.0,92.0,0,1,0,0,1,1,1,0
2019-02-28,2,5,400688.0,92.0,0,1,0,0,1,1,1,0
2019-02-28,223,1,73132.0,118.0,0,0,1,0,1,1,1,0
2019-02-28,223,2,111135.0,118.0,0,0,1,0,1,1,1,0
2019-02-28,223,3,151387.0,118.0,0,0,1,0,1,1,1,0
2019-02-28,1811,2,151175.0,72.0,0,0,0,1,1,1,0,1
2019-02-28,2134,2,119773.0,,1,0,0,0,1,1,1,0
2019-03-31,2,1,104751.0,83.0,0,1,0,0,1,1,1,0
2019-03-31,2,2,138085.0,83.0,0,1,0,0,1,1,1,0
2019-03-31,2,3,171802.0,83.0,0,1,0,0,1,1,1,0
2019-03-31,2,4,234013.0,83.0,0,1,0,0,1,1,1,0
2019-03-31,2,5,400815.0,83.0,0,1,0,0,1,1,1,0
2019-03-31,223,1,73469.0,111.0,0,0,1,0,1,1,1,0
2019-03-31,223,2,112178.0,111.0,0,0,1,0,1,1,1,0
2019-03-31,223,3,151906.0,111.0,0,0,1,0,1,1,1,0
2019-03-31,1811,2,153482.0,64.0,0,0,0,1,1,1,0,1
2019-03-31,2134,2,121104.0,,1,0,0,0,1,1,1,0
2019-04-30,2,1,104701.0,74.0,0,1,0,0,1,1,1,0
2019-04-30,2,2,138302.0,74.0,0,1,0,0,1,1,1,0
2019-04-30,2,3,171767.0,74.0,0,1,0,0,1,1,1,0
2019-04-30,2,4,233563.0,74.0,0,1,0,0,1,1,1,0
2019-04-30,2,5,399976.0,74.0,0,1,0,0,1,1,1,0
2019-04-30,223,1,73586.0,80.0,0,0,1,0,1,1,1,0
2019-04-30,223,2,112788.0,80.0,0,0,1,0,1,1,1,0
2019-04-30,223,3,152016.0,80.0,0,0,1,0,1,1,1,0
2019-04-30,1811,2,154655.0,51.0,0,0,0,1,1,1,0,1
2019-04-30,2134,2,122335.0,,1,0,0,0,1,1,1,0
2019-05-31,2,1,104701.0,71.0,0,1,0,0,1,1,1,0
2019-05-31,2,2,138738.0,71.0,0,1,0,0,1,1,1,0
2019-05-31,2,3,171866.0,71.0,0,1,0,0,1,1,1,0
2019-05-31,2,4,233452.0,71.0,0,1,0,0,1,1,1,0
2019-05-31,2,5,399517.0,71.0,0,1,0,0,1,1,1,0
2019-05-31,223,1,73906.0,71.0,0,0,1,0,1,1,1,0
2019-05-31,223,2,113641.0,71.0,0,0,1,0,1,1,1,0
2019-05-31,223,3,152161.0,71.0,0,0,1,0,1,1,1,0
2019-05-31,1811,2,155553.0,48.0,0,0,0,1,1,1,0,1
2019-05-31,2134,2,122952.0,,1,0,0,0,1,1,1,0
2019-06-30,2,1,104937.0,70.0,0,1,0,0,1,1,1,0
2019-06-30,2,2,139385.0,70.0,0,1,0,0,1,1,1,0
2019-06-30,2,3,172367.0,70.0,0,1,0,0,1,1,1,0
2019-06-30,2,4,233793.0,70.0,0,1,0,0,1,1,1,0
2019-06-30,2,5,399859.0,70.0,0,1,0,0,1,1,1,0
2019-06-30,223,1,74562.0,69.0,0,0,1,0,1,1,1,0
2019-06-30,223,2,114380.0,69.0,0,0,1,0,1,1,1,0
2019-06-30,223,3,152755.0,69.0,0,0,1,0,1,1,1,0
2019-06-30,1811,2,156578.0,48.0,0,0,0,1,1,1,0,1
2019-06-30,2134,2,123526.0,89.0,1,0,0,0,1,1,1,0
2019-07-31,2,1,105155.0,67.0,0,1,0,0,1,1,1,0
2019-07-31,2,2,140043.0,67.0,0,1,0,0,1,1,1,0
2019-07-31,2,3,172991.0,67.0,0,1,0,0,1,1,1,0
2019-07-31,2,4,234391.0,67.0,0,1,0,0,1,1,1,0
2019-07-31,2,5,400303.0,67.0,0,1,0,0,1,1,1,0
2019-07-31,223,1,75147.0,82.0,0,0,1,0,1,1,1,0
2019-07-31,223,2,115389.0,82.0,0,0,1,0,1,1,1,0
2019-07-31,223,3,153490.0,82.0,0,0,1,0,1,1,1,0
2019-07-31,1811,2,157223.0,54.0,0,0,0,1,1,1,0,1
2019-07-31,2134,2,123792.0,133.0,1,0,0,0,1,1,1,0
2019-08-31,2,1,105502.0,71.0,0,1,0,0,1,1,1,0
2019-08-31,2,2,140703.0,71.0,0,1,0,0,1,1,1,0
2019-08-31,2,3,173649.0,71.0,0,1,0,0,1,1,1,0
2019-08-31,2,4,234813.0,71.0,0,1,0,0,1,1,1,0
2019-08-31,2,5,400679.0,71.0,0,1,0,0,1,1,1,0
2019-08-31,223,1,76023.0,92.0,0,0,1,0,1,1,1,0
2019-08-31,223,2,116293.0,92.0,0,0,1,0,1,1,1,0
2019-08-31,223,3,154477.0,92.0,0,0,1,0,1,1,1,0
2019-08-31,1811,2,157596.0,59.0,0,0,0,1,1,1,0,1
2019-08-31,2134,2,124861.0,141.0,1,0,0,0,1,1,1,0
2019-09-30,2,1,105618.0,81.0,0,1,0,0,1,1,1,0
2019-09-30,2,2,141259.0,81.0,0,1,0,0,1,1,1,0
2019-09-30,2,3,174131.0,81.0,0,1,0,0,1,1,1,0
2019-09-30,2,4,235069.0,81.0,0,1,0,0,1,1,1,0
2019-09-30,2,5,400727.0,81.0,0,1,0,0,1,1,1,0
2019-09-30,223,1,76737.0,85.0,0,0,1,0,1,1,1,0
2019-09-30,223,2,117388.0,85.0,0,0,1,0,1,1,1,0
2019-09-30,223,3,155339.0,85.0,0,0,1,0,1,1,1,0
2019-09-30,1811,2,158328.0,79.0,0,0,0,1,1,1,0,1
2019-09-30,2134,2,125669.0,110.0,1,0,0,0,1,1,1,0
2019-10-31,2,1,106083.0,86.0,0,1,0,0,1,1,1,0
2019-10-31,2,2,142048.0,86.0,0,1,0,0,1,1,1,0
2019-10-31,2,3,174780.0,86.0,0,1,0,0,1,1,1,0
2019-10-31,2,4,235604.0,86.0,0,1,0,0,1,1,1,0
2019-10-31,2,5,401211.0,86.0,0,1,0,0,1,1,1,0
2019-10-31,223,1,77658.0,89.0,0,0,1,0,1,1,1,0
2019-10-31,223,2,118433.0,89.0,0,0,1,0,1,1,1,0
2019-10-31,223,3,156365.0,89.0,0,0,1,0,1,1,1,0
2019-10-31,1811,2,159420.0,63.0,0,0,0,1,1,1,0,1
2019-10-31,2134,2,126817.0,140.0,1,0,0,0,1,1,1,0
2019-11-30,2,1,106186.0,92.0,0,1,0,0,1,1,1,0
2019-11-30,2,2,142366.0,92.0,0,1,0,0,1,1,1,0
2019-11-30,2,3,175298.0,92.0,0,1,0,0,1,1,1,0
2019-11-30,2,4,236122.0,92.0,0,1,0,0,1,1,1,0
2019-11-30,2,5,401360.0,92.0,0,1,0,0,1,1,1,0
2019-11-30,223,1,78152.0,100.0,0,0,1,0,1,1,1,0
2019-11-30,223,2,119022.0,100.0,0,0,1,0,1,1,1,0
2019-11-30,223,3,157161.0,100.0,0,0,1,0,1,1,1,0
2019-11-30,1811,2,160409.0,86.0,0,0,0,1,1,1,0,1
2019-11-30,2134,2,126739.0,142.0,1,0,0,0,1,1,1,0
2019-12-31,2,1,106299.0,94.0,0,1,0,0,1,1,1,0
2019-12-31,2,2,142724.0,94.0,0,1,0,0,1,1,1,0
2019-12-31,2,3,175883.0,94.0,0,1,0,0,1,1,1,0
2019-12-31,2,4,236717.0,94.0,0,1,0,0,1,1,1,0
2019-12-31,2,5,401643.0,94.0,0,1,0,0,1,1,1,0
2019-12-31,223,1,78765.0,109.0,0,0,1,0,1,1,1,0
2019-12-31,223,2,119590.0,109.0,0,0,1,0,1,1,1,0
2019-12-31,223,3,158018.0,109.0,0,0,1,0,1,1,1,0
2019-12-31,1811,2,160070.0,70.0,0,0,0,1,1,1,0,1
2019-12-31,2134,2,126353.0,185.0,1,0,0,0,1,1,1,0
2020-01-31,2,1,106161.0,104.0,0,1,0,0,1,1,1,0
2020-01-31,2,2,142883.0,104.0,0,1,0,0,1,1,1,0
2020-01-31,2,3,176138.0,104.0,0,1,0,0,1,1,1,0
2020-01-31,2,4,236815.0,104.0,0,1,0,0,1,1,1,0
2020-01-31,2,5,401345.0,104.0,0,1,0,0,1,1,1,0
2020-01-31,223,1,79073.0,102.0,0,0,1,0,1,1,1,0
2020-01-31,223,2,120315.0,102.0,0,0,1,0,1,1,1,0
2020-01-31,223,3,158518.0,102.0,0,0,1,0,1,1,1,0
2020-01-31,1811,2,158822.0,97.0,0,0,0,1,1,1,0,1
2020-01-31,2134,2,125649.0,145.0,1,0,0,0,1,1,1,0
2020-02-29,2,1,106271.0,99.0,0,1,0,0,1,1,1,0
2020-02-29,2,2,143623.0,99.0,0,1,0,0,1,1,1,0
2020-02-29,2,3,176669.0,99.0,0,1,0,0,1,1,1,0
2020-02-29,2,4,237271.0,99.0,0,1,0,0,1,1,1,0
2020-02-29,2,5,401709.0,99.0,0,1,0,0,1,1,1,0
2020-02-29,223,1,79380.0,100.0,0,0,1,0,1,1,1,0
2020-02-29,223,2,121517.0,100.0,0,0,1,0,1,1,1,0
2020-02-29,223,3,159204.0,100.0,0,0,1,0,1,1,1,0
2020-02-29,1811,2,157660.0,108.0,0,0,0,1,1,1,0,1
2020-02-29,2134,2,125585.0,156.0,1,0,0,0,1,1,1,0
