Identifier,RegionID,,RegionName,RegionType,StateName,2010-01,2010-02,2010-03,2010-04,2010-05,2010-06,2010-07,2010-08,2010-09,2010-10,2010-11,2010-12,2011-01,2011-02,2011-03,2011-04,2011-05,2011-06,2011-07,2011-08,2011-09,2011-10,2011-11,2011-12,2012-01,2012-02,2012-03,2012-04,2012-05,2012-06,2012-07,2012-08,2012-09,2012-10,2012-11,2012-12,2013-01,2013-02,2013-03,2013-04,2013-05,2013-06,2013-07,2013-08,2013-09,2013-10,2013-11,2013-12,2014-01,2014-02,2014-03,2014-04,2014-05,2014-06,2014-07,2014-08,2014-09,2014-10,2014-11,2014-12,2015-01,2015-02,2015-03,2015-04,2015-05,2015-06,2015-07,2015-08,2015-09,2015-10,2015-11,2015-12,2016-01,2016-02,2016-03,2016-04,2016-05,2016-06,2016-07,2016-08,2016-09,2016-10,2016-11,2016-12,2017-01,2017-02,2017-03,2017-04,2017-05,2017-06,2017-07,2017-08,2017-09,2017-10,2017-11,2017-12,2018-01,2018-02,2018-03,2018-04,2018-05,2018-06,2018-07,2018-08,2018-09,2018-10,2018-11,2018-12,2019-01,2019-02,2019-03,2019-04,2019-05,2019-06,2019-07,2019-08,2019-09,2019-10,2019-11,2019-12,2020-01,2020-02
2,39051,,Houston,City,TX,133,137,134,112,92.5,98,97,99,106,116,124,129,133,130,124,113,108,102,104,108.5,114,119,120.5,121.5,117,117,114,95,89,91,91,98,99,97,95,98,99,100,83,73,71,69,69,66,70,75,76,77,83,80,64,65,61,63,59,58,62,66,68,69,74.5,69,59,62,61,63,65,63,66,70,76,81,89,89,76,68,67,72,71,73,74,84,82,83,90,94,75,70,67,68,68,71,82,89,93,80,86,92,73,61,61,66,70,69,74,80,87,89,92,92,83,74,71,70,67,71,81,86,92,94,104,99
4,6915,,San Antonio,City,TX,101,110,121,110,104,104,99,99,104,110,118,124,122,138,136,122,112,107,107,106,104,117,117,119,125,125,122,109,93.5,93,93.5,92,93,99,99,112,108,115,106,89,78,79,74,72,75,80,92,82.5,90,87,74,64,66,65,69,65,68,74,77,76,85,87,67,61,67.5,68,65,68,74,83,87,81,89,91,80,66,65,68,64,63,66,75,74,78,78,76,66,62,61,57,60,62,64,64,68,78,80,78,63,60,58,57,58,59,62,67,75,71.5,80,82,69,62,61,61,60,62,70,76,79,84,92,91
9,38128,,Dallas,City,TX,136,136,132,118,104,102,104.5,102,104,121,106,125,148,141,121,112,102,104,103,108,105,110,115,118.5,118,128,108,80,80,85,85,89,93,99,90,87,96,95,72,67,67,66,65,65,67,68,76,75,79,82,60,59,60,58,61,58,60,67,68,73,78.5,73.5,59.5,53,49,53,55,53,58,65,67,72,77,69,62,57,55,57,59,59,63,66,67,72,69,71,57,54,56,55,55,56,62,61,63,71,70,71,58,52,55,57,60,63.5,64,61,69,77,77,80,69,64,65,65,68,71,76,84,75,91.5,96,97
10,10221,,Austin,City,TX,111,111.5,108,86,81,91,88,99,98,108,107,111,122,126.5,125,94,84,82,92,91,97,105,105,108,97,101,98,67,66,66,70,68,76,83,84,79,83,90.5,60,54,55,54,55,54,55,57,63,68,78,71,56,49,51,59,61,55,63,68,74,68,77,55.5,51,48,49,50,53,54,57,63,63.5,69,82,64,53,50,52,55,55,57,62,64,65,70,73,69,49,48,48,49,53,55,58,70,69,75,77,71,49,49,47,50,53,56,58,65,71,70,79.5,75,51,45,47,49,48,53,54,60,57,64,71,52
15,18172,,Fort Worth,City,TX,122,122,117,109,107,95,103,97,102,110,108,115,133,132,125,115,122,111,108,112,114,114,122,111,118,115,111,87,83,90,93,87,97,97,102,104,101,98,100,77,68,70,69,67,70,75,78.5,79,84,97,67,62,60,57,56,61,62,68,69,69,75,69.5,59,54,51,53,52,53,57,64,68,68.5,82,75,57,55,53,53,52,53,54,62.5,57.5,59,61,55,47,47,46,48,48,49,54,54,54,60,63,53,49,46,49,49,49,51,54,63,62,72,75,79,57,54,55,54,53,54,65,66,71,71,76,77
20,17933,,El Paso,City,TX,138,132,149.5,157,120,127,117,115,113,130,110,122,133,138,132,89,101,104,107,117,117,130,148,148,139,128,145,129,120,111,108.5,113,112,99,102,115,128,137,154,131.5,119,108,114,116,114,114,110,115,123,131,132,111,111,105.5,106,115,114,126,133,130,135,143,120,120,115,103.5,106.5,120,123,118,127,139,135,137.5,133,117,100,84,97,93,106,113,120,124,132,124,128,108,99.5,97,97,92,89,100,104,96,97,108,82,83,92,91,91,89,90,93.5,96,90,114.5,106,108,90,84,72,69.5,73,70,77,83,86,97,84
50,50763,,Arlington,City,TX,113,94,114,105,79,90,88,87,95,108,112.5,125,126,115.5,116,119,115,127,109,102,104,110,119,111,103,112,93,87,83,80,79,76,82,88,82,91,91.5,84,71.5,73,61,62,64,58,65,68,69,70,81,64,58,52.5,51,58,52,55,60,59,60,63,76.5,62,50,48,51,50,50,49,53,58,60,65,68,67,50,49,49,50,48,48,51,54.5,54,52,59,46,49,45,42,43,47,45,47,50,48.5,47,54,48,38,40,40,42,42,44,54,54,54,54,61.5,55,50,46,42,46,48,50,53,54,54.5,58,63,61.5
65,38025,,Corpus Christi,City,TX,176,163,157.5,173,149,120,130,108.5,139,122,145,143,144,145,138,125.5,125.5,121,151,140,147.5,159,193.5,144.5,141,154,181,138,116,99,82,98,103.5,93.5,81,116,97.5,52,65,84,79,90,90,90,82,89,95,96,100,112,96,91,87,74,72,79,100,51,57,81,95,105,76.5,63,70,70,85,78.5,96,82,93,95,106,104,111,87,91,92.5,90,90,112,102,117,96,105,130,117,99,98,99,98,92,93,110,126,120,119,122,112,110,82,77,86,83,96,102.5,87,88,113,112,83,71.5,72,74,76,81,83,83,97,101,95.5,99
78,53915,,Plano,City,TX,95,105,109,84,73.5,87,81,90,92,98,101.5,121,138,144,136,107,77,83.5,82.5,81,89.5,85,101,109,102,111,82,61,63,70,66,68,76,76,71,78,81,90,63,53,53,54,53,49,51,55,58,63,64,52,47,46,47,46,47,45,48,50,54,52,59,48,45,42,41,42,42,45,48,54,60,58,64,54,47,47,47,47,45,47,57,52,53,51,62,55,46,43.5,42,47,48,48,57,62,65,59,73.5,80,49,46,43.5,49,49,54,67,62,77,74,87,73,57,54,53,54,57,64,70,73,83.5,75,88,71
86,53060,,Lubbock,City,TX,,,,,,,,,,,,,,,,,,,,,,,,,,,,,,,,,,,,,,,,,,,,,,,,,,,,,,,,,,,,,,111,72,75,72,63,62,66,68,71,69.5,73,105,96,91,69,71,67,63,71,69,82,83.5,76.5,96,81,76,68.5,69,67,59,60,68,76,70,78,81,104,74,65,70,67.5,63,64,69,73,79,87,93,106,79,66,64,69,57,62,59,77,67,73,74,73.5
104,52893,,Laredo,City,TX,,,,,,,,,,,,,,,,,,,,,,,,,,,,,,,,,,,,,,,,,,,,,,,,,,,,,,,,,,,,,,,,,,,,,,,,,,,,,,,,,,,,,,,,,,,,,,,,,,,,,,,,,,,,,,,,,,,,84,91,83,70,90,104,90
108,18251,,Garland,City,TX,103,95,92,94,86.5,94.5,101,94,98,106,112,106.5,111,139,130,100,105,112,103,103.5,122,90,102,120,96,86,103,75,88,82,75,83,88,78,88,94,93,85,86,76.5,67,60,65,65,66,70,73.5,75,71,74.5,59,52,50,52.5,53,56.5,53,60,62,63,62.5,58,51,51,48,50,51,49,52,54,58,62,68,53,44,44.5,47,52,49,47,55,53,53,55,56,53,45,43,41,43,42,44,47,53,52,55,58,55,46,43,45,47,47,44,51,52,53,55.5,61,64,57,57,56,49,52,50,62.5,59.5,65,62,68,66
109,7204,,Spring,City,TX,122,120,116,111,94,100,104.5,103.5,104,123,127,123,128,105.5,115,119,118,107,119,117,119,125,146,115,135.5,110,113,100,88,94,95,106,100,105,96,113,119,105,82,80.5,68,77,66,66,68,73,77,70,90,80,62,60,62,61,62,61,66,71,73,71,72.5,75,59,60,65.5,61,61,63,65,81,81,80,84,91,69,71,65,66,66,68,70,82,77,82.5,98,104,76,64,63,65,69,72,84,97,97,77,78,76,65,59,58,58,61,65,70,77,78,83,97,98,78,70,64,70,69.5,66,75,86,80,85.5,97,87
115,12065,,Irving,City,TX,117,118,135,111,132,97,104,104.5,100,126,123,121,135,119,123,115,111,137,110,125.5,109,124.5,114,130,133,114,98.5,88,89,94,89,92.5,92,94.5,99,96,109,100,77,77,64,76,71,63,70,67,80.5,81,89.5,125,83,65.5,60,56,56,67,65,79,57,64,88,68,55,49,51,50,58,55,61,71,69,69.5,74.5,84,58,52,53,50,53,56,57,60,54,67,75.5,57,54,48,46,50,54,56,62,59,56,61,69,69,53,46,46,55,49,56,58,53.5,65,61,70,69,63,58,60,55,60,57,61,63,60,85,73,71.5
143,16753,,Amarillo,City,TX,,,,,,,,,,,,,,,,,,,,,,,,,,,,,,,,,,,,,,,,,,,,,,,,,,,,,,,,,,,,,,,,,,,,,,,,,,,,,,,,,,,,,,,,,,,,,,,,,,,,,,,,,,,,,,103,90,79,74,66,70,71,78,81,69,97,97,88
151,51167,,Brownsville,City,TX,,,,,,,,,,,,,,,,,,,,,,,,,,,,,,,,,,,,,,,,,,,,,,,,,,,,,,,,,,,,,,,,,,,,,,,,,,,,,,,,,,,,,,,,,,,,,,,,,,,,,,,,,,,,,,,,,84,63,84,92,68,101,93,89,64,72
158,31821,,Grand Prairie,City,TX,130,139,90,97,88,101,83,101,94,99,125,116,133,128,98,100,112,96,98,115,114.5,102,111,89,130,127,135,94.5,91,76,71,80,83,76,89,94,94,93,76,75,66,74,76,64,62,75,71,65,76,56,74,67,50,56,57,55.5,62,74,67,70,64,80,49,56.5,50,51,53,51,54,59,67.5,72,65,66.5,69,51.5,55,52,54,52,58,57,58,60,62,71,50,52,47,47,46,50,50,55,50,54,52,54,41,43,45,48,45,48,50,56,57,59,69,56,56,62,52,50,49,47,56,59,58,65,73.5,70.5
175,5424,,Killeen,City,TX,126,126,118,111,108,102,95,96,111,109,137,137,93,104,88,124,148,138,130,118,125,125,143.5,111,132,135,127,148,124,115,109.5,107,123,133,131,140,132,120,131,107,122.5,139,126,136,111,121,112,124,118,131,108,117,107,115,94,113,102,89,101,105,112,119,108,110,97,119,93,107,129,88,116.5,116,124,115,107,94,116,106,106,104,122,120,113,117,113,116.5,137,104,97,92,86,105,67,76,80,98,107,86,103,83,72,71.5,71,65,74.5,63,87,73,76,86,71,57,59,56,58,54.5,63,60,58,61,73,62
184,41114,,Sugar Land,City,TX,,,,,,,,,,,,,,,,,,,,,,,,,,,,,69,85,82,87,90,96,119,119.5,129,115,74,69,63,59,59,58,69,63,70,71.5,63,75,55.5,57,59,51.5,58,60,59,65.5,76,75,59,56,48.5,61,51,59,58,61,62,77,92,86,103,91,77,68.5,67,72,76,75,76,89,95,97,96,100,61,71,60.5,70,68,69,84.5,93,104,131,116,118,116,69,61,66,69,75,87,95,93,127,104,119,98,74,75,74,74,87.5,84.5,108,97,122,109,132
189,32783,,McKinney,City,TX,108,107,112,101.5,83,93,94,103,98.5,103,113,107,124,141,129,111,98,87,94,89,103,105.5,121,103,110,98,74.5,63,73,69,69,75,69,81,76,70,83,83,56,54,54,55,51,48,53,57,55,59,64,52,47,48.5,47,44,45,45,51,56,50,52,54,52,48,41,41,46,46,45,49,53,62,62,68.5,66,47,48,49,51,47,52,54,61,67.5,63,63,68,44,48,48,47,47,49,57,69,71,73,82,88,56,48,45,55,59,67,69,82,74,88,121,96,100,76,75,73.5,76,76,85,85,98,94,105.5,106
196,6286,,Odessa,City,TX,140,96,142,130,111,135,121,101,110,93,114.5,112,102,132,106.5,141.5,120,111,99,79.5,83,101,110,87,113,128,126,83,88.5,81,81,71,71.5,82,79.5,91,94,87,85,72,81,75,73,68,68,76,83,89,89,96,113,85,87.5,77,61,65,64,74,76,75,79,109.5,80,84,77.5,89,69,71,70,80.5,84,95,105,111,81,96,99,89,98,98,118.5,103,104,96.5,132,118,125.5,108,100,97,85.5,78.5,103,84.5,94,90,77,88,80,80,65,59,60,63,60,71,55,67,73,62,58,65,54,53,54,56,68,65,75,66,72,82
199,19360,,Midland,City,TX,83,89,106,95,91,92,74.5,68,75.5,79,71,88,92,109,69,75.5,79.5,60,70,58,69,72,83,85,71,71,60,64,56,60,52,58,64,73,79,78,72,75,72,96,61,63.5,67,54,53,66,61,71,87,69,62,62,57,61,66,58,62.5,62,68.5,67,73,70.5,69.5,77,82,97,85,79.5,59,74,90,88,106,110,88,80,78,81,86,86,82.5,77,89,94,98,91,104,78,63,70,70,66,69,78,73,71,78,79,54,63,56,57,53,56,57,64,69,74,71,69,54,52,51,58.5,53,55,62,72,76.5,78,90,84
203,41324,,Tyler,City,TX,,,,,,,,,,,,,,,,,,,,,,,,,,,,,,109,109,93,108,120.5,131,120,154,145,104,116,80.5,80.5,88,81,97,103,109,107.5,105,134.5,123,77,94,84.5,67,80,70,89,100,102.5,127,133.5,88,62,73,81,68,87.5,74,84,82,108,109,105,95,92,85,77.5,85,80,90,80,96.5,97,82.5,102,104.5,93,85,77,77,75,74,95,87,76,98,95,72,72,73,67,69,63.5,76,86,80,85,74,102,70.5,68,55,65,58.5,52,62.5,84,69,79,67,65
206,38119,,Cypress,City,TX,110,122.5,102,99,84,102,104,96,108,126.5,113,120,132,128,129,105,99,109,122,109,117,117.5,123,158,124,125,84,88,97,86,87.5,98,99,107,99,111,103,98,79.5,70,67,69,68,62,67,76,70.5,69,75.5,71,56,54,59,54,57,54,60.5,65,67,72.5,79,65,49,58,59,57,57,59,62,73,72,76,100,90,65,61,66,70,69,70.5,78,89,80.5,92,102,97,72,70,66,66,69,76,82,100,104,90,77.5,87,62,55,59,70,72,80,80,90.5,98,103,122,103,94.5,67,71,77,68,72,80,91,94,91,96,92
207,26857,,Round Rock,City,TX,130,128,117,95,100,81,102,104,123,116,131,132,120,127,116,114,102,98,96,100,109,112,105,113,129,100,90,74,77,67,75,71,83,89,99,86,90,105,80,61,65,65,60,64,60.5,75,73,74,99,76.5,58,54,54,57,60,62,60,63,62,59,80,62,54,49,50,49,55,54,61,60,61,71,69,73,55,49,52,51,49.5,53,57,60,60,69.5,64,53.5,55,44,53,48,55,54,60,64.5,60,67.5,73,80,58,46,49,49,51,57,60,83,91,83,104,95,49,44,46,47,49,52,60,50,51,63,62.5,49
214,4521,,Edinburg,City,TX,,,,,,,,,,,,,,,,,,,,,,,,,,,,,,,,,,,,,,,,,,,,,,,,,,,,,,,,,,,,,,,,,,,,,,,,,,,,,,,,,,,,,,,,,,,,,,,,,,,,103,83,101,99,87,67,95,89,100,92,100,88,78,89,80,73,82,77,85,93,92,86,84
215,44734,,Conroe,City,TX,133,144,99,130,78,103,93,88,108,157.5,127.5,121,104,106.5,118,135,117,130,122,112,105,138,131,110,137,179.5,137,96,103,98,113,105,127,115,112,112,127,123,109.5,109,74,86,80,73,74,85,98,89,92,113,94,61.5,65,74,63,71,65,82,86,87,93,88,71,73,74,69,73.5,70,81,87,86.5,84,102,88,92,74,75,81,65,77,80,80,86,90,102,113.5,111,78,71,79,80,89,82,95,99,114,98,83,79,72,58,66,71,80,83.5,88,118.5,119,126,118,86,98,73,79,78,84,85,104,103,101,109,105
220,19865,,Pasadena,City,TX,139,111,101,96,92,126,119,84,95,123,121,115.5,132,126,114,140,97,113.5,111,120,136,109,126,121,115,107,137,145.5,136.5,93,99,133.5,111,130,105,103.5,123,162,100,103,96,84,84,91,78.5,103,91.5,89,114,110,97,82,100,76,58,52,63,64,56,76,62,78,58,55,55,62,57,55.5,62,85,63.5,76,92,89.5,67,72,51,64,63,58,63,64,62,66,76,64.5,61,64,52,58,57.5,60,69,76,68,62,60,81,50,48,47,47,53,55,53,56,55,55,76,71,58,64.5,55,53,53,51,54,55,70,70,76,71
221,35282,,Beaumont,City,TX,,,,,,,,,,,,,,,,112,111,109,151,132,155,136,141,174.5,137,140,122,146,112,117,109,126.5,117.5,116,122,150,144,158,141,109,127,122,122,109,120.5,102,107.5,141,135.5,152,134,132,104.5,132,93,105,96,123,145,100,125,132,125,154,91,94,105,108,81,87,114,126,116,148,120,83,70,77,73,76,83,87,101,78.5,83,110.5,88,96,83,82,69,82,85,113,108,92,89,94,75,80,57,66,62,76,61,75,87,85,96,75,107,95,78,76,77,74,77,80.5,77,99,90,84
223,18208,,Frisco,City,TX,132,99,116,86.5,74,85,83,93,96,99,110,103.5,116,124,130,96,107,96,98,97,98.5,95,111,97,108.5,103,87,68,75,70,69,73.5,71,86,89.5,80.5,92,94,56.5,57,57,62,55,53,56,59,63.5,61,77,59,54.5,47,48,46,49,50,54,53.5,54,51,62,45,43,49,47,50,50,46,53,54,62,64,75.5,57.5,54,48,57,51,57,60,66,66,72.5,76,74,65,58,52,52,52,55,58,63,75,94,92,100,79,57,60,55,63,67,75.5,89,83,82,90,119,118,111,80,71,69,82,92,85,89,100,109,102,100
231,12694,,Mesquite,City,TX,108,102,96,112,88.5,102,84.5,89,88,92,95.5,107.5,108,134,103,104,94.5,91.5,108,100,109,113,89,116,101,106,116,87,76,78,90,77.5,90.5,86,80,80,78,90,72.5,88,69,62,75,60,69,59,67.5,86,89,63,57,63,47,63,59,51,56,74,57,61.5,56,57.5,50,45,50,50,50,51.5,50,57,60,62,65,56.5,47,55,51,45.5,52,45,58,53,52.5,52,69,56,46,44,45.5,47,47,48,50,53,51,57,58,55.5,45,44,41,51,49.5,49,49,55,47,56,64,48,55,58,47,47,49,55,55.5,61,63,71,69,53
238,25818,,McAllen,City,TX,,,,,,,,,,,,,,,,,,131,103,140,141.5,148,155,119,136,132,111,119.5,122,128,128,95,119,139,152,143,199,141,145,144,133,119,115,124,111.5,126,113,113,147,162,136,134,125,98,128,87,110,134,124,128,134,165,124,118,123,111,111,136,88,131,156,114,112,115,105.5,144,113,110,140.5,96,86,107,99,93,129,149,125,136,98,107,82,101,95,99,90,119,126,105,130,126,92,94,96,84.5,70,102,108.5,130,114,92,105,91,113,95,81,80,95,82,101,84,94.5,106.5
249,23394,,Abilene,City,TX,131.5,118,102.5,106,91,76,100,100.5,101,110,128.5,110,138.5,131,117,130,100.5,106,80,86.5,87,118,117,119.5,126,132,96,94,103,96,84,99,96,125.5,112.5,101,114,130,137,99,93.5,75.5,82,62,77,89,80,80,100,106,83,60,66,66,75.5,76,64,69,80.5,90,96,84,68,65,76,63,70,74,70.5,69,76,90,68,101,71,68,78,68,74,67,67.5,69,75,85.5,78,101,96,72,72,61,70,67,78,75,68,57,69,86,68,63,59,60,70,66,71,77,80,74,78,64,65,62.5,67,68.5,62,70.5,66,72,71,66,90.5,82
257,17321,,Carrollton,City,TX,,,,,,,,,,,107,105,93,132,135,117,114,112,94,86,100,113,106,115.5,117,105,91,91,65,76,74,74,75,81,75,93,89,77,56,60,54,57,50,52,55.5,52,60,69.5,83,68,56,44,47,42,47.5,49,49,53.5,50,52,48,43,45,47,45,42,44,47,48,51,52.5,62,60,58,44,46,44,46,48,43,50,54,53,52,55.5,48.5,47,42,41,41,45,42,50,51.5,47,50,53,52,42,40,41,44,45,45,50,54,55,63,73,68,55,46,53,47,48,52,55,55,67,66,62,77
264,48293,,Waco,City,TX,,,,,,,,,,,,,,,,,,,,,,,,,,,,,,,,,,,,,,,,,,,,,,,135.5,111,142,108,141,92,93.5,78,94,97,98,93,84,95,135,117,113,81,60,62,93,76,77,107,100,83,105,125,114,78,92,77,80.5,79,54,69,77,67,70,88,56,65,62,53,45,52,54.5,64.5,67,66,79.5,85,54,63,51,59,60,52,70,63,65,67,90.5,108,54,68.5,51,60,60,52,67.5,83,80,74,81,77
267,13234,,Pearland,City,TX,111,106,105,95,90,104.5,106.5,105,118,139.5,129.5,135,139,144,132,112,126,115,122,138,147,149,143.5,132,150,180,126,103,107,91,104,103,112,111,112,116,117.5,126,104,89,79,77.5,75,77,72,73.5,74.5,89,86,95,74.5,70,57,60,62,67,63,66,81,65,70,66,51,59,53,55,55,53,62,59,68,68,83,76,63,58,61,63,56,61,69,67,87,89,98,78,59,61.5,54,56,67,59,70,72,72,69,78,69,52,55,60,52,57,63,62,82,73,91,85,85,70,66,63,58.5,61,69,83,90.5,83,89,91,94
269,4351,,Denton,City,TX,108,119,90,101,92,89,96,101,91.5,113,101,101,105,138,105,127,97,83,122,123,112,108,107,93.5,94,124,112,102,75,83.5,84.5,74,74,102.5,88,103,93,73,52,57,70.5,58.5,59,59,64.5,70,71,84,74,76,52,49,54,53,47,45.5,62,53,56,64,75,49,49,47,45.5,47,43,45,58.5,50,68,59,52,56,50,50,49,51,47,50,54,58,49,49,69,46.5,44,46,44,42,46,47,44,50,54,58,57,46,41,47,44,46,49.5,46,49,54,63.5,81,64,74,54,55,48,52,53,68,73,72,70,63,75,79
310,37965,,College Station,City,TX,,,,,,,,,,,,,,,,,,,,,,,,,,,,,,,,,,,,,,,,,,,,,,,,,,,,,,,,,,,,,,,,,,,,,,,,,,,,,,,,,,,,90,84,66,51,51,56.5,59,60,66,80,79.5,82,80,80,92,67,65,66,76,70,76.5,93.5,104,126,138.5,119,132,82,80,74,74,78,84,95.5,103,118,116,121,117
317,39420,,Lewisville,City,TX,82,81,74,75,95,89,97,103,80.5,98,94.5,126,144,97,124,124,102,110,92,106,90,121,127,117,119,84,75.5,67,79,72.5,71.5,62,75,87,92,84,80,93,55,56,55,48,49,52.5,58,65,61,58,60,64.5,48,46,48,50,48,54,46,56,56,50.5,56,49.5,48,42,41,48,46,47,55.5,53,54,66,77,51,50,43,50,47,48,51,53,58,47,61,57,44.5,41,40,45,40,41,44,49,50,50,46,55,48,43,40,41,48,48.5,49,56,60,62,55,72,79,53,53,48,49,48,56,72,62,63,61,73.5,57
341,54121,,Richardson,City,TX,70,82,84,77,74,86,74,83,69.5,93,124,110,116,144,125,92,82,75,85,84,114,102,104,140,93,93,105,72.5,61.5,68,64,76,64,66,68,89,83,83,77,59,50,52,51.5,51,54,55,63,56.5,72.5,60,48,57,47,44,46,51,48,51,52,54,62,56,44,41,37,43,40,42,47,49,59,54,58,50,43,47,45,47,52,45,52,55,50,57,64,50,43,41,45,48,39.5,46,50,53,50,48,63,45,46,44,41,47,52.5,52.5,57,62,56,72,89,75,48,55,57,57,52,59.5,64.5,59,59,81,91,68
355,27942,,Wichita Falls,City,TX,,,,,,,,,,,,,,,,,97,143,112,121,92,123,123,138,143,138,137,103.5,102,106.5,105,103,83,110,123.5,136,131,138,126,107,112,105,125,118,114,103.5,108,93,111,117,128.5,122,93,100,91,92.5,88,114,85,126,164,155,104,119,112,91,125,93.5,83,111,83.5,109,100,126,80,77,73,73,81,60,67,76,89.5,97.5,110,100,113,90,73,63,68.5,76,69.5,93,87,70,98,109,65,55,63.5,62,56,55,71,71,70,73,103,99,56,65,63,48,62,51,62,70,59,67,64,53
367,47977,,The Woodlands,City,TX,134,106,128,108,105,87,97,95,93,122,115.5,117,133,125,123,93,83,86,96,91,102,129,90,118.5,124,118,84,77,72,68,72,83,82,79,86,83,77,91,60,61,61,60,56,58,62,72,73,74,66.5,68.5,56,51,57,67,59,63,70,71,89,76,90,82,67,68,70,74,76,72,89,84,94.5,109,118,124.5,106,74,81,81,77,94.5,95,105.5,109,135,90,117,104,89,75,76,96,94,113,119,121.5,95,105,119,102,71,69.5,78,73,74,93,89,113,138,114,133,120,83,64,72.5,70,83.5,99,94,108,91,119,103
368,12438,,Longview,City,TX,,,,,,,,,,,,,,,,,,,,,,,,,,,,,,,,,,,,,,,,,,,,,,,122,125,121,137,131,152,116,102,114,126,171,131,151,141.5,133,103,144.5,126,125,129,113,98,103,98,128,130,166,144,147,152.5,92,96,105.5,105,132,111,131,142,111,120,74,96,105,118,111,112,112,110.5,126,110,150,126,115,85,110,90,86,90,97,105,105,98,92,105,96.5,89,81,75.5,86,75,73,78,91,66,89,89.5
389,39386,,League City,City,TX,95,124,110,114,83,106,130,104,104,137,161.5,165,197,153,172,134,152,117,127,117,129.5,149,123,140,145,125,144.5,119,99,103,90,99,106,95,103,120,122,118,109,77,75,78,68,63,69,77,65,91,92,93,68,66,61,65,62,72,65,78,91,76,62,85,61,61,59,63,57.5,54,64,67,70,73,77,71,63.5,63,58,63,61,59,60,64,70.5,77,87,73,68,62,56,61,59,68,69,85,91,86,71,83,60,55,50,55,57,54,67,75,82,70,83,81.5,78,67,70,65,61,66,62,76,72,85,87,99
401,23862,,Bryan,City,TX,,,,,,,,,,,,,,,,,,,,,,,,,,,,,,,,,,,,,,,,,,,,,,,,,,,,,,,,,,,,,,,,,,,,,,,,,,95,54,73,68,73,61,60.5,80,55,61,80,70,75,57,49,58,60.5,65,55,62,69,84,93.5,85,86,86,67,59,66,69,66,69,80.5,94,85,105,79,81.5,66,76,68,62,71,81.5,74,86.5,83,107,67
416,39966,,New Braunfels,City,TX,,,,,,,,,,,,,,,,,,,,,,,,,,,,,,113.5,129.5,121,102,120,139,104,106,136.5,107,109.5,95,96,82,84,96,89,94.5,127,116,120,138,87.5,91,97,87,67,96,92,95,94,88,111,85,82,83,104,98.5,91,82,83,96,99,137,98.5,100,71,78.5,74,89,78,66.5,76,85,92,95,97,93,100,80,77,83,69,91,91,92,91,87,89,101,68.5,61.5,71,70.5,75,77,88,90,105,90,90.5,84,89,76.5,71,75,84,104,96.5,115,121,112,108
427,23444,,Allen,City,TX,99,100,110.5,87,80,80,90.5,84,87,87,97,126,136,135,132,93,73,88,92.5,94,94,103,91,115.5,112,90,81.5,71,72,60,72,68,76,67.5,77,69.5,69,74,56,51,53,53,51,49,51,56,57,58,64.5,54,47.5,42,46,46,47,46,50.5,60,55,61.5,69,66,42,44,43.5,46,46,48,52,61,59,58,63,58,47,50,47,51,51,53.5,54,64,62,66,68.5,49,52.5,42.5,43,48,48,47,56,63,66,67.5,60,64,43,44.5,48,47,53,59,62,69.5,73,98.5,111,89,71,54.5,59,64,68,59.5,87.5,82,96,71,95,71
459,54294,,San Angelo,City,TX,,,,,,,,,,,,,,,,,,,,,,,,,,,,,,,,,,,,,,,,,,,,,,,,,,,,,,,,,,,,,,,,,,,,,,,,,,,,88,76,92,73,89,94,90,114,95,101,110,119,79,97,71,81,75,77,96,103,76,92,104,65,76,67.5,61,58,66,71,66.5,73,90,97,90,77,60,58.5,65.5,60,51,62,60,60.5,68,83,60
473,45417,,Georgetown,City,TX,139,148.5,118,112,111,110,120,101,87,104,149,155.5,139,104,156,143.5,123,119,134.5,108.5,139.5,124,138.5,141,127,111.5,134.5,107,89,110,115,110,126,120,102,109,118,110,85.5,72,80,76,75,76,87,70,84.5,82,91,83,83,71,62,60,66,66,70,86.5,71,103.5,95,83,91,78,66,67,64.5,64,67,68,83,92,117,96.5,88.5,65,73,83,71,69,75,79.5,75,99,81,109,108,68,69,64,66,72,81,78,90,92,95,93,76.5,53,57,66,67,76,83,95,117,107,121,97.5,92,63,73,61,70,78,80,89,90,91,100,107
479,54944,,Victoria,City,TX,,,,,,,,,,,,,,,,,,,,,,,,,,,,,,,,,,,,,,,,,,,,,,,,,,,,,,,,,,,,,,,,,,104.5,89.5,68,84,69,94,133.5,118,84,78,90,99.5,92,69,68,73,85,104,139,111,132,110,102,108,69,67,95.5,86,103.5,104,99,90,106,95,67.5,72,64,73.5,70,65,87.5,69.5,74.5,98,107,74.5,66,67,60,59.5,64,73,82,107,99,117,106
485,47080,,Pflugerville,City,TX,93,87,109,101,109,105,129,106,109,126,111,107,130,144,110,139,99,102,91,117,107.5,139,126,103,114,107,113,98.5,93,89,80,87,97,93,97,85.5,82,103,78.5,63.5,61,66,61,59,61,71,70,77,81,68,47,51,52.5,53,57,55,54,65.5,87,75,68,64,51,42,50,48,47,47.5,52,63,53.5,56,68,63,53,51,45,50,49,56,55,64,55,57,57,63,46,52,51.5,48,47,58,63,49,54,76,59,55,45,47,50.5,49.5,49,62,64.5,70,82,61,88,82,56,50,57,50,51,51,57,62,72,67,84,74.5
567,53360,,Missouri City,City,TX,114,144,117,106,86,98.5,102,100,104,128.5,143,143,137,134.5,147.5,145,130,124,119,146,126,115,164,135,158.5,150,116,117,90,98.5,103,99,95.5,106,112,135,126,117,127,104,91.5,81,73,71,82,90,83,95,96,90,67,61,68.5,71,61,69,64,80,78,73,76,63,61,59,60,61,67,68,63,68.5,86,82,94,85,81,76,74,74,67,79,76,69,78,96,113,99,69,61,74,58,63,69,90,100,102,124,97,72,106,65,69.5,70,83,71,92,84,83,124,97,119.5,107,90,82,88,74,83,98,99,128,126,102,126
568,19411,,Mission,City,TX,,,,,,,,,,,,,,,,,,,,,,,,,,,,,,,,,,,,,,,,,,,,,,,,,,,,,,,,,,,,,,,,,,,,,,,,,,,,,,,,,,,,,,,,,,,,,,,,,,,,,,,,,,,,,,,,,,,,,112,110,107,134,137,102
572,47379,,Richmond,City,TX,167,126.5,132,105,95,116,129.5,123,133,120.5,167,142,136,196,154,132,152,130,127,139,142,139,148.5,133,146.5,153,105,138,117,116,108,124,131,109,136,130,99,105,87,80,70,72,78,66,71,77,74,69,97,92,63,60,57,63,60,64,59,72,70,60.5,72.5,76,55.5,47,60,60,64,68,74,74,92.5,89,108,97,72,66,68,72,72,84,83.5,95,105,105,89,116,78,75,71,68,71,88,91,101,119,126,111,91,82,64,84,72.5,82,94,100,106,102,111,143.5,115,107.5,92,87,88,91,94,109,111,118,125,126,115
578,34308,,Tomball,City,TX,111,119,137,95,85,85,87,104,84,104,110,141,145,133,152,165,133,153.5,124,121,109,118,124.5,136,136,162,149,89,87,82,108,96,101,115,104,130,103,111,102,72,71,65,67,74.5,65,71,93,76,87.5,71,53,59,54,58.5,55,56,63.5,62,70,58,78,67,62,53,56,61,62,53,60,65,73,74,90,101,70,72,66,65,61,71,71,80,88,82,86,84,81,74,65,64,71,66,73,93,107,105,84,64,66,55,60,61,66,62,69,77,100,85,86,95,106,73,61,58,71,62,90,100,84,81,113,103
596,34248,,Temple,City,TX,,,,75.5,96,96,82,108,128,99,104,140,157,147,85,105,122,118,133,152.5,126,131,101,151,136,156,154.5,195.5,101,102,132,114,152,117,134.5,116,142,146.5,121,141,113.5,104,125,102,107.5,135,125,98.5,107,144,146,98,75,75,89,84,87.5,96,98,111,89,95.5,129,109,94,86,87,89,95,110,114,121,140.5,98,87.5,92,68.5,82,90,70,86.5,78,82,73.5,104,60,71,58,72,72,70,66,70,70,89,75,89,83,64,61,62,69,68,60,65,77,72,69,99.5,62,56,58,61,56,61.5,64,57,62,72,74,69,77
607,50783,,Atascocita,City,TX,96,130.5,124,99.5,94,115,107,94.5,117,113.5,155,160,151,126,162,155,131,128,115,118,114,135,129.5,137,132.5,146,144,100,117,93,103.5,110,118,101,111,100,100,122,108,77,72,81,72,77,76,85,81,84,69,59,68.5,57,63,73,64,54,68,67,63,63,83,63,64,53,53,57,60,58,55,68,70,76,81,80,69,62,67,69,66,62,61,84,76,83,78,104,69,66,57.5,70,67,66,72,83,95,86,81,96,62,57,52,57,65,67,67,87,94,86,89.5,72,84,69,69,79,79,67.5,90,115,98.5,106,101,127
623,3568,,Baytown,City,TX,104,141,147,154,123.5,125,91,84,101.5,143,175,185,157,129,105,111,128.5,117,105,137,164.5,144,160,139,137,157,126,149,106,105,100.5,144.5,119,124,152,113,138,130,145,131,102.5,123,90,98,105,99,98,115.5,157,114,106,104,84.5,81,66,62,84,76,85,88.5,93.5,91.5,96,73,74,55.5,74,63.5,70,70,86.5,84.5,115,111,69,57,55,75,62,71,73,69,74,81,82.5,78,49.5,54,77,64,55,59,67,68.5,79,71,77,60,49.5,52,54,62,59,67,60,71,70,71.5,99,63,62,63,62,71,68.5,65,59,72,73,89,73.5,90.5
630,40738,,San Marcos,City,TX,,,,,,,,,,,,,,,,,,,,,,,,,,,,,,,,,,,,,,,,,,,,,,,,,,,,,,,,,,,,,,,,,,,,,,,,,,,,,,,,,,,,,,,,,,,,,,,,,,,,,,,,,,,,,92,89,103,82,82,105,84,62,79,104,95.5,98,101,115
641,24733,,Flower Mound,City,TX,,,,,,,,,,,,,,,,,84,90,88,107,90,127,96,117,123.5,115,86.5,73,70,64,73,62,61.5,70,82,66.5,75.5,66,59,49,51,53,48,46,54,54,64,59,62,50,48,45,47,44,53,46,53.5,53.5,54,47,66,68,47,42,44,46,47,46,56,60,55,56,69,76,48,48,50,54,48,53,59,61,56,71,70,49.5,47,46,41,47,41,46,49,56,56,46,56,42,46,44,45,47.5,49,52.5,59,61,61,67,78,98.5,74,48,46,41,46,52,63,63,70,70,88,53
683,44504,,Cedar Park,City,TX,179,102,116,75,90,100.5,97,98.5,98.5,133,117,105,130.5,143,116.5,107.5,104,96,110,88,116,113,118,95.5,125,130,120,81,79,66,61,82,97,91,80,100,99,94,71,55,56,62,62,57,55,59.5,68,67,76,59.5,45,57,51,50,56,59,65,81,72,71,72,52,47,47,49,49.5,51,53,57.5,64,73,72,73,74,50.5,46,49.5,51,50,54,51,63,65,97,76.5,49,47,46,43,45.5,54,63,62,69,65,75.5,79,64,46,48,46,50,58,55,64,66,80,71.5,85,63,42,41,43,45,45.5,47,56.5,52,53,62,52,43
710,26197,,North Richland Hills,City,TX,,,,,,,,,,,,,,,,,,,,,,,,,,,,,,,,,,,,,,,,,,,,,,,,,,,,,,,,,,,,,,,,,,,,,,,,65.5,60,71,47.5,50,44,48,45,49,49,55,44,57,54,56,49,44,48,46,47,46,44,54,63.5,56,54.5,47,41,41,45,43,40,52,52,58,51,63,63,85,51,51,47,47,45,55,50,61.5,49,63,66,67
743,25221,,Huntsville,City,TX,,,,,,,,,,,,,,,,,,,,,,,,,,,,,,,,,,,,,,,,,,,,,,,,,,,,,,,,,,,,,,,,,,,,,,,,,,,,,,,,,,,,,,,,,,,,,,,,,,,,,,,,,,,,,,,106,85,84,68,73,82,88,93,101,117,92,70
748,39604,,Mansfield,City,TX,,,,,,,,,,,,,,88,111,106,120,92.5,109,117,127,123,103,117,114,99,82,87.5,90,93,80,96,94,73,106,90,102,95,104,60,68,66,65,56,61,70,75,90,80,70,52.5,60,50,55,55,55,60,71,70.5,65,63.5,52,48,42.5,49.5,55,50,52,51,59,69,73,68,57,54,54,49,50,51,52,48,56.5,52,73,63,62,48,49,49,46,48,48,55,60,55,49.5,56,48,41,45,45,46,54,48,56,70,70,58.5,85.5,81,62,54,52,47,54,51,54.5,70,63,69,99,65
873,16554,,Euless,City,TX,,,,,,,,,,,,,,,,,,,,,,,,,,,,,,,,,,,,,,,,,,,,,,,,,,,,,,,,,,,,,,,,,,,,,,,,,,,,,,,,,,,,,,,,,,,,,,,,,,,,,,,,,,,,,,49.5,46.5,45,40,44,48,41,50,51,52,56,57,56
879,13364,,Port Arthur,City,TX,,,,,,,,,,,,,,,,,,,,,,,,,,,,,,,,,,,,,,,,,,,,,,,,,,,,,,,,,,,,,,,,,,,,,,,,,,,,,,,,,,,,,,,,,,,,,,,,,,,,,,,,,,,,70,95,64.5,58.5,84,100,70.5,58,84,102,88,125,134,104,119
906,44918,,Desoto,City,TX,,,,,,,,,,,,,,,,,,,,,,,,,,,,,,,,,,106,106,88,81,97,78,103,90,87,100,72,68.5,79,93,113.5,118,126,112.5,70.5,81,72,61,79,75,84,82,102,103,109.5,89,55,60,56,56,74,80,75,75,87.5,86,84,58,79.5,67,50.5,56,55,62,51,65,70,82.5,72,59,73,52,55,54,56,49,55,64,62,80,67,55,53,50,43,48,51,68,50,57,63,62,89.5,62,52,52,47,63,63,74,55,71,71,70,67
966,38766,,Grapevine,City,TX,,,,,,,,,,,,,,,,,,,,,,,,,,,,,,,,,,,,,,,,49,51,59,52,57.5,54,67,49,58,72,88,59,44,56,47,44,51,54,54,60,57,54,44,49,43.5,47,47,49,45,62,54,59,66.5,62,57,48,45,49,47,43,47.5,59,59,53,58,52,70,54,55,45,43,40,48,42,54,51,53,55,49,35.5,44,42.5,47,47,67,55,65,58.5,48,70,55,53,49,46,49,45,56,58,67,61.5,63,58,79
972,7797,,Waxahachie,City,TX,,,,,,,,,,,,,,,,,,,,,,,,,,,,,,,,,,,,,,,,,,,,,,,,,,,,,,,,,,,,,,112,96,63,69,55,57.5,69,62,73,62,84,60.5,78,58.5,65,56,61,56,54,61,64,75,66,98,65,50.5,50,48,49,57,50,62,61,66,49.5,60.5,73,44,52,49,57,56,57.5,56,65,64,86,73,73,67,73,55,56,58,61,66,64,60,82,114,92
975,32532,,Little Elm,City,TX,83,92,98,79,96,82,88.5,94,112,96,106.5,104,121,117,117,131,96,124,107,103,105,149,100,118.5,114,129.5,85,74,65,84,75,79,85,89,90,97.5,87.5,87,54,52,55,59.5,60,63,62,73,84.5,61,61,75,52,54,53.5,50,47,50,54.5,58,64.5,70.5,74,44,46,45,47,45,48,45.5,56,61,61,74.5,71,53,46,52,48.5,48,49,53,54,53,69,58,63,57,49,49,55,45,59,54,60,71,63,66,72.5,63,51,53.5,49.5,47.5,55,65,67,74,89,88,103,111,89,74.5,71,73,76,80,78,84,94,121,95.5,105
992,4841,,Galveston,City,TX,,,,,,,,,,,,,,,,,,,,,,,,,,,,,,,,,,,,,,,,,,,,,,,,,,,,,,,,,,,,,95,128,114,103,97,87,117,98,94,111,111,117,169,93.5,106,89,96,100,91,87.5,95,116,125,112,120.5,164,128,95,105,101,111,106,121,111,103,133,143,126,132.5,101,86,78,76.5,91,94,122,99,123,117,118,115,79.5,83,88,100,89.5,106,93,101,105,115,112
996,16946,,Bedford,City,TX,,,,,,,,,,,,,,,,,,,,,,,,,,,,,,,,,,,,,,,,,,,,,,,,,,,,,,,,,,,,,,,,,,,,,,,,,,,,,,,,,,,,,,59,40,40,41,39,41,42,42,42,46.5,57,52,43,38,36,39,41,38,40,43,40,58.5,54,59,49,55,46,42,39,42,52,46,63.5,55,50,48,52
1012,33758,,Rowlett,City,TX,,,,,,,,,,,,,,,,,,,,,,,,,,,,,97,83,90,89,82,80,80,90,84,90,70,68,59,61,53,55,67,77,68,79,70,81.5,51,53,53,49,51,50,51,61,61.5,64,72,51,44,48,51.5,48,50,55,55,52,62,71,62,65,47.5,44.5,45,49,47,51,56,55,58,49.5,70,60,46,40.5,45,46.5,52.5,47,59,63,52,62,66,59.5,46,52,52,48,47,58,65,62,63.5,78.5,65,83,66,61,51,62,59,59,72,78,83,83,73,83
1043,11664,,Granbury,City,TX,,,,,,,,,,,,,,,,,,,,,,,,,,,,,,,,,,,,,,,,,,,,,,,,,,,,,,,,,,,,,,,,,,,,,,,,,,,,,,,,,,,,,,,,,,,,,,,,,,59,68,60,53,51,45,53,57,63,50,70.5,56.5,77,70,70,62.5,64,65,68,71,59.5,79,81,70,64
1050,18800,,Katy,City,TX,,,,,,,,,,,,,,,,,,,,,,,,,,,,,,,,,,,,,,,,,,,,,,,,,,,,,,,,,,,,,,,,,,,,,,,,,,,,,,,,,,,,,,,,,,,,,,,,,,,,,,,,,,,,,,,119.5,86,94.5,85,103,107,119,112,138,140.5,131,139.5
1055,20414,,Seguin,City,TX,,,,,,,,,,,,,,,,,,,,,,,,,,,,,,,,,,,,,,,,,,,,,,,,,,,,,,,,,,,,,,,,,,,,,,,,,,,,,,,,,,,,,,,,,,,,,,,,,,79,70,69,59,67,62,82,97,120,91.5,96,78,83,49.5,49,57,81.5,72,62,77,94,76,80.5,91,102
1090,52382,,Haltom City,City,TX,,,,,,,,,,,,,,,,,,,,,,,,,,,,,,,,,,,,,,,78,59,69,76,52,76,70.5,102.5,85,86,90,101,86,54,71,52.5,75,54,81,67,70,54,80,66,99,56,56,49,52,40,60,75.5,55,62.5,66,68,54,59,49.5,48,62,52,67,54,55,60,62,50,54,54.5,51.5,48,43,51,51,51,48,47,66,56,37.5,45,39,41,43,41.5,46,52.5,46,52,53,42,58,43,59,51,48,67,44,52,61,64,62,54
1118,47966,,Texas City,City,TX,,,,,,,,,,,,,,,,,,,,,,,,,,,,,,,,,,,,,,,,,,,,,,,,,,,,,,,,,,,,,,,,,,,,,,,,,,,,,,,,,,,,,,,56,58.5,59,66,51.5,62,86,75,97,88,77,83,52,65,57,52,51,58,60,58,60.5,67,64,65,70,76,77,73,50,63,65,68,63,78.5,71,95
1136,44750,,Coppell,City,TX,,,,,,,,,,,,,,,,,,,,,,,,,,,,,,,,,,,,,,,,,,,,,,,,,,,,,,,,,,,,,,,,,,,,,,,,,,,58,53,46,60,49,53.5,59,77,83,97,68,68,59.5,51,53,48,55,54,57,62,70.5,89,64,51,62.5,52.5,46,53,49,61,72,75,89,78,106,100,56,55,45,52,53,65,59,78,97,112,77,89
1167,27398,,The Colony,City,TX,,,,,,,,,,,,,,,,,,,,,,,,,,,,,,,,,,,,,,,,,,,,,,,,,,,,,,,,,,,,,,,,,,,,,,,,,,,,,,,,,,,,,,,,,,,,,,,,,,,,,,,,,,,,,,,63,69,50.5,57.5,48,58,64,76,77,83,98,67
1196,12186,,Kerrville,City,TX,,,,,,,,,,,,,,,,,,,,,,,,,,,,,,,,,,,,,,,,,,,,,,,,,,,,,,,,,,,,,,,,,,,,,,,,,,,,,,,,,,,,,,,,,,,,,,,,,,,,,,,,,,,,,,,67,72,68.5,67,70,76.5,71,68,97.5,76,87,123.5
1202,10625,,Burleson,City,TX,,,113,114,104,99,79,90,106,99,108.5,125,141,151,119.5,101,111,103,116,112,80,86.5,104,125,121,137,100,77,100.5,84.5,96,77,96,102,127,130,105,110,88,71,71,66,84,72,68,87,69,75,92,81,64.5,62,56,52,53,50,56,66,62,46.5,63,43,49,56,47,56,47,51,54,69,65,57,70,72,63,46,46,53,52,47,51,50,50,56.5,67,64,49.5,54.5,48,45,45,45,56,60,55,56,67,63,47,45,43,45,50,54,48,68,69,64,70,61.5,45,45,47,51,48,53,55,68,51,62,86.5,67.5
1210,37370,,Belton,City,TX,,,,,,,,,,,,,,,,,,,,,,,,,,,,,,,,,,,,,,,,,,,,,,,,,,,,,,,,,,,,,,,,,,,,,,,,,,,,,,,,,,,,,,,,,,,,,,,,,,,,,,,,,,,110,82,73,62,69.5,54,62,63,62,68,60,90,91,97,98,103
1212,46588,,Montgomery,City,TX,,,,,,,,,,,,,,,,,,,,,,,,,,,,,,,,,,,,,,,,,,,,,,,,,,,,,,,,,,,,,,,,,,,,,,,,,,,,,,,,,,,,,,,,,95,105,81,98.5,108,123,129,153,124,167.5,120,116,79,70.5,82,84,96,93,111,131,103,129,128,86,84,76,91,90,104,114,111,114,134,109
1230,31277,,Duncanville,City,TX,,,,,,,,,,,,,,,,,,,,,,,,,,,,,,,,,,,,,,,,,,,,,,,,,,,,,,,,,,,,,,,,,,,,,,,71,68,98,105,55,67,62,68,67,64,55.5,68,78,68.5,56,65,47,63.5,46,50.5,46,51,45,49,59.5,52,62.5,61,41,40,54,53,45,56,57,59,51,62,46,60.5,64,52,50,44,64,47,52,55,60,62,61,80
1241,6381,,Palestine,City,TX,,,,,,,,,,,,,,,,,,,,,,,,,,,,,,,,,,,,,,,,,,,,,,,,,,,,,,,,,,,,,,,,,,,,,,,,,,,,,,,,,,,,,,,,,,,,,,,,,,,,,,,,,,,,,,,103,144,81.5,72,75,66,76.5,63,63,92,127,72
1252,8154,,Boerne,City,TX,,,,,,,,,,,,,,,,,,,,,,,,,,,,,,,,,,,,,,,,,,,,,,,,,,,,,,,,,,,,,,,,,,,,,,130,88,111,146,163.5,119,77,97,102.5,96,68,81,90,98,97,109,106,119,93,87,84,79,81,83,111,100.5,110,124.5,93,137.5,96,106.5,86,75,70,92,90,122,135.5,147,127,135,84,89,86,76,86,87,114,119,129.5,131,128
1254,39084,,Hurst,City,TX,,,,,,,,,,,,,,,,,,,,,,,,,,,,,,,,,,,,,,,,,,,,,,,,,,,,,,,,,,,,,69,64,52,47,47,51,47,44,49,50,62,56,61,65,48.5,44,42,41.5,49.5,45,46,46,57,48,50,47,43,41,41,48,40,46,48,47.5,49,61,44,55,42,40,41,44,42,41,50,50,47,53,49,52,53,42.5,52,40,55,55,48,55,60,62,55,60
1272,55315,,Copperas Cove,City,TX,,,,,,,,,,,,,,,,,,,,,,,,,,,,,,,,,,,,,,,,,,,,,,,,,,,,,,,,,,,,,,,,,,,,,,,,,,,,,,,,,,,,,,128,87.5,115,97,67,70,71,61,69,90,92,79,94.5,105,71,65,69,54.5,55,58,77,67,92.5,113,71,73,62,61,61,53,59,60,60,64,75,73.5,67.5
1277,44738,,Converse,City,TX,,,,,,,,,,,,,,,,,,,,,,,,,,,,,,,,,,,,,,,,,,,,,,,,,,,,,,66,69,70,83,74,61,86,74,65,79,71,71,62.5,63,72,67,83,93,75,86,75,79,63,72.5,84,73,63,63,85,74,78,83.5,92,67,67,62,75,55,62,58,69.5,74,74,82,65,60,65,50,56,59.5,52,53,65,62,66.5,68,69.5,67,80,50,67,62,58,77,66,84,84,98,99.5
1317,33716,,Rockwall,City,TX,,,,,,,,,,,,,,,,,,,,,,,105,140,117,103,105.5,135.5,96,94.5,86,83,92,84,90,78,103.5,103,109,73,55,76,73,64,63,68,77,71,104,113,63,67,56,50,49,54,61.5,84,99,69,63,74,72,68,51,53,52,63,47.5,55,79,82,82,66.5,51.5,49,51,64,55,52,53,60,55,64,69,93,68,48,54,42,56,55,48,70,74,65,70,80,55.5,51,47,56,47,62.5,73,76,67,87,88,91,101,80,72,68,61,59,63,86,83,84,81,77
1346,24961,,Greenville,City,TX,,,,,,,,,,,,,,,,,,,,,,,,,,,,,,,,,,,,,,,,,,,,,,,,,,,,,,,,,,,,,,,,,,,,,,,,,,,,,,,,,,,,,,,,,,,,,,,,,,,,,,,,,,,,,,,52.5,66,61.5,43,62,59,65,81,51.5,63,82,91.5
1367,23704,,Big Spring,City,TX,,,,,,,,,,,,,,,,,,,,,,,,,,,,,,,,,,,,,,,,,,,,,,,,,,,,,,,,,,,,,,,,,,,,,,,,,,,,,,,,,,,,,,,,,,,,,,,,,,,,,,,,,,,,,71,88,58,70,81,62,59.5,57,68,79,62,73,102,115
1372,9602,,Leander,City,TX,,,,,,,,,,103,143,113,151,112.5,79,113,122,104,107,110,99,118,97.5,108,105.5,138,137,76,70,77,75,82,91,79.5,86,88,90,97,76,72.5,65,62,61.5,63,66,62,64,79,112,78,52,40.5,56,53,74,70,58,74,53,57.5,77,80,76.5,50,58.5,58,58,59,71,69,72,87,70,104,54,56.5,65,60,54,56,69,76,76,81,67,92,52,45,50,65.5,68,61,68,74,83,94,88,70,55,54.5,60,63,74,66,82,88,96,120,82,91,76,64,52,64,62,75.5,78,69,78,95,97,106
1431,8653,,Farmers Branch,City,TX,,,,,,,,,,,,,,,,,,,,,,,,,,,,,,,,,,,,,,,,,,,,,,,,,,,,,,,,,,,,,,,,,,,,,,,,,,,,,,,,,,,,,,,,,,,,,,,,,,,,,,,,,,,,80,70,56,57,71,51,70,62,56,52,76,61.5,78,90,57
1450,18881,,La Porte,City,TX,,,,,,,,,,,,,,,,,,,,,,,,,,,,,,,,,,,,,,,,,,,,,,,,,,,,,,,,,,,,,,,,,,,,,,,,,,,,,,,,,,,,,,,,,,,,,,,73,83,75,63,47,45,52,44,53,50,64,55,55.5,57,47,52,51,54.5,63,55,47,60,63,56.5,76,64,76.5,90
1492,51410,,Cibolo,City,TX,,,,,,,,,,,,,,,,,,,,,,,,,,,,,,,,,,,,,,,,,,,,,,,,,,124,80,79,92.5,72,70,65,89,82,110,97,96,120,113,70.5,90,77.5,75,72,68,65,86,96,97.5,96,71,63.5,69,75,79,75,89,90,86,89,97,84,73,87,63.5,64,61.5,68,68,76,80,71,95,78,90,59,50,62,72,72,79.5,66,67,97,81,103,88,80,68,62,70.5,77,71,79,92,108,99.5,128
1494,34254,,Terrell,City,TX,,,,,,,,,,,,,,,,,,,,,,,,,,,,,,,,,,,,,,,,,,,,,,,,,,,,,,,,,,,,,,,,,,,,,,,,,,,,,,,,,,,,,,,,,,,,,,,,,,,,,,,,,,,,,,,,,,81,49,53,57,63,51,75,92,77
1496,29215,,Porter,City,TX,,,,,,,,,,,,,,,,,,,,,,,,,,,,,,,,,,,,,,,,,,,,,,,,,,,,,,,,,,,,,,,,,,,,,,,,,,,,,,,,,,,,,,,,,,,,,,,,,,,,,,,,,,,,,,,,,,,,83.5,93,94,100,113,143.5,124
1507,46076,,Kyle,City,TX,,,,,,,,,,,,,,,,,,,,,,,,,,,,,,,,,,,,,,110,96,65,90,70,64,68,69,82,68,74,102,73,66,58,71,65,64,76,69,81,64,81,90,103,65,49,48,51,56,55,61,50.5,66.5,94.5,71,57,52,42,51,52,63,62,66,55,66,66,80,70,46,52,43,48.5,52,55,66,64,77,69,83,75.5,61,49,47,52.5,51,55,54,68.5,66,64.5,64,75,55,60,55,56,61,60.5,63,82,88.5,64.5,89,97
1513,36121,,Midlothian,City,TX,,,,,,,,,,,,,,,,,,,,,,,,,,,,,,,,,,,,,,,,,,,,,,,,,,,,,,,,,,,,,,,,,,,,,,,,,,,,,,,,,,,,,,,,,,,,,,,,,,,69,56.5,54,61,62.5,71,68.5,78,76.5,75,64,69,60,65.5,60,57,50,62.5,61.5,68,89,66,81.5,90
1528,47783,,Southlake,City,TX,,,,,,,,,,,,,,,,,,,,,,,,,,,,,,,,,,,,,,,,,,,,,,,,,,,,,,,,,,,,,,,,,,,,,,,,,,,,,,,,,,,,,,,,,,,,,,,,,,,,,,,,,,,,72,96,114.5,98,60.5,62,59,67,68,100,110,116,110,139,144
1552,29513,,Rosenberg,City,TX,,,,,,,,,,,,,,,,,,,,,,,,,,,,,,,,,,,,,,,,,,,,,,,,,,,,,,,,,,,,,,,,,,,,,,,,,,,,,,,,,,,,,,,,,,,,,,,,,,,77,45,57.5,70,74,96,78,88,89,130,113,87,110,94,84,94,109,83,105,119,106,104,146,216
1608,54552,,Stephenville,City,TX,,,,,,,,,,,,,,,,,,,,,,,,,,,,,,,,,,,,,,,,,,,,,,,,,,,,,,,,,,,,,,,,,,,,,,,,,,,,,,,,,,,,,,,,,,,,,,,,,,,,59,56,61,48,50,68,62,78,46,67,57,38,55.5,49,54,49,63,65,64,55,69,73,96
1611,11805,,Harker Heights,City,TX,,,,,,,,,,,,,,,,,,,,,,,,,,,,,,,,,,,,,,,,,,,,,,,,,,,,,,,,,,,,,,,,,,,,,,,,,,,,103.5,87,107,80,109,118,129,155,192,132,110,99,107.5,93,105,112,99,89,101,106,121,123,153,137,130,76.5,81,91,83,73,89,95,121,108,101.5,95,78,66,68,69.5,77,76.5,77,100,82.5,107,91
1612,39088,,Hutto,City,TX,115,106,105,83,97.5,113.5,99,112,149,140,149,159,111,104,115,108,104,129,116,104,126,111,109,110,150.5,111,99,92,82,86,122,87,91,103,116.5,86,91,126,83.5,70,70,97,82.5,68,68,59,88,87,77.5,88,109,55,64,56,67,63,71,69,70,85,76,64,63,59,63.5,53,48,50,57,68,64,70,73.5,77,62,53,48,59,51,52,49.5,65,48,53,51,50,46,50.5,51.5,56.5,46,47,55,71,60,76,62,55,60,45,51,53,66.5,70.5,74,73,77,88,82,88,91,56,56,47,62,58,72,62,77,75,79,82
1629,27812,,Weatherford,City,TX,,,,,,,,,,,,,,,,,,,,,,,,,,,,,,,,,,,,,,,,,,,,,,,,,,,,,,,,,,,,,,,,,,,,,,,,,,,,,,,,,,,,,,,,,,,,,,,,,,,,,,,,,56.5,61,55,52,75,67,42,38.5,51,59,47,54,67,74,62,72,88,50
1685,31117,,Crosby,City,TX,,,,,,,,,,,,,,,,,,,,,,,,,,136,102,150,211,148,105,99,111,128,137,132,100,140,144,158,104,92,94.5,89,106,97.5,82.5,105,86,123,102,102.5,96,67.5,76,80,76,96,103,89,105,90,102.5,57,76.5,56,66.5,62,56,60,79,85,71,101,98,63,85,72,74,82,72,81,74,71.5,61,90,59,77,70,70,60,77.5,73,95,70,63,73,87,54,56,56,65,68,70,90,94,105,67,77,71,104,92,75,87,58,82,82,97,82,82,109,102
1800,48098,,University Park,City,TX,,,,,,,,,,,,,,,,,,,,,,,,,,,,,,,,,,,,,,,,,,,,,,,,,,,,,,,,,,,,,,,,,,,,,,,,,,,,,,,,,,,,,,,,,,,,,,,,,,,,,,,,,,,,,,144,77,62.5,77,72,86,86.5,120,111,102,76.5,93,123
1811,16859,,Azle,City,TX,,,,,,,,,,,,,,,,,,,,,,,,,,,,,,,,,,,,,,,,,,,,,,,,,,,,,,,,,,,,,,,,,,,,,,,,,,,,,,79,62,60,60,67,78,106,64,83.5,60,61,58,66,55.5,50,65,83,59,49,53,78,72,82,55,42.5,47,53.5,65,62,79,93.5,60,72,64,51,48,48,54,59,79,63,86,70,97,108
1822,40681,,Saginaw,City,TX,,,,,,,,,,,,,,,,,,,,,,,,,,,,,,,,,,,,,,,,,,,,,,,,,,,,,,,,,,,,,,,,,,,,,,,,,,,,,,,,,,,,,,,,,,,,,,,,,,,,,,,,,,,,,,,,52,47,44,60,54,61.5,60,62,71,78,61
1863,50054,,Watauga,City,TX,,,,,,,,,,,,,,,,,,,,,,,,,,,,,,,,,,,,,,,,,,,,,,,,,,,,,,,,,,,,,,,,,,,,,,,,,,,,,,,,,,,,,,,,,,,,,,,,,,,,,,,,,,,,,43,46,49,44,44,41.5,40,42,49.5,47,50.5,47,69,41
1902,16750,,Alvin,City,TX,,,,,,,,,,,,,,,,,,,,,,,,,,,,,,,,,,,,,,,,,,,,,,,,,,,,,,,,,,,,,,,,,,,,,,,,,,,,,,,,,,,,,,,,,,,,,,,,,,,,,,,,,,,,59,69,47,65,61,48.5,65,49,57,63,71,94,75,92,64
1935,5785,,Manor,City,TX,,,,,,,,,,,,,,,,,,,,,,,,,,,,,,,,,,,,,,,,,,,,,,,,,,,,,,,,,,,,,,,,,,,,,,,,,,,,,,,,,,,,,,,,,,,,,,,,,,,64,51,53,58.5,47,69,88.5,65,73.5,76,72,69.5,63,67,69,61.5,84,70,77,77,112,88,105.5,109
1998,51547,,Corinth,City,TX,,,,,,,,,,,,,,,,,,,,,,,,,,,,,,,,,,,,,,,,,,,,,,,,74,81,65,50,55,46,52,47,59,48,61,63,50,63,44,56,53,44.5,42,46,48,59.5,53,60,59,60.5,56,49,50,43,46,42,47,48,54,51,52,64,75,47,52,44,41.5,43,42,51,50,53,67,41.5,41,46,50,43,40,49,42,54,53,60,54,78,46,47,48,64.5,49.5,49,52.5,63.5,55,75.5,54,49,68
2000,6876,,Sachse,City,TX,,,,,,,,,,,,,,,,,,,,,,,,,,,,,,,,,,,,,138,80,75.5,73.5,75.5,59.5,65,54,62,70,103.5,66,84.5,55,58,53,55.5,47,52,47.5,57,52,63.5,64,52,47,50,46,41,55,52,49,49,59.5,73,81,86,75,56,49,47,47,49,44,56,56,56,55,69,43,43,49,46,41,50,48,47,52,61,50,50,46,43,49,36,52,54,48,59.5,77,60,90,82,84,84,65,54.5,55,55,57.5,65,90,98,85,104.5,77
2020,31664,,Fresno,City,TX,,,,,,,,,,,,,,,,,,,,,,,,,,,,,,,,,,,,,,,,,,,,,,,,,,,,,,,,,,,,,,,,,,,,,,,,,,,,,,,,,,,,,,,,,,,,,,,,,,,,,,,,,,,,,,,,,,,72,74,83,88,80,106,73,80
2096,32680,,Manvel,City,TX,,,,,,,,,,,,,,,,,,,,,,,,,,,,,,,,,,,,,,,,,,,,,,,,,,,,,,,,,,,,,,,,,,,,,,,,,,,,,,,,,,,,,,,,,,,,,,,,,,,,,,,,,,,,,129,85.5,107,80,90,108,90.5,115,74.5,102,116,103.5,130,138
2097,34243,,Taylor,City,TX,,,,,,,,,,,,,,,,,,,,,,,,,,,,,,,,,,,,,,,,,,,,,,,,,,,,,,,,,,,,,,,,,,,,,,,,,,,,,,,,,,,,,,,,,,,,,,,,,,,,,,,,,,,,,,,,,55,52,77,47.5,67.5,97,69,86,65,75
2132,33015,,Murphy,City,TX,,,,,,,,,,,,,,,,,,,,,,,,,,,,,,,,,,,,,,,,,,,,,,,,,,,,,,,,,,,,,,,,,,,,,,,,,,,,,,,,,,,,,,,,,,,,,,,,,,,,,,,,,,,,,,,,,48,71,40,51,74,96,74.5,98.5,80,82
2134,30401,,Bellaire,City,TX,,,,,,,,,,,,,,,,,,,,,,,,,,,,,,,,,,,,,,,,,,,,,,,,,,,,,,,,,,,,,,,,,,,,,,,,,,,,,,,,,,,,,,,,,,,,,,,,,,,,,,,,,,,,,,,,,,89,133,141,110,140,142,185,145,156
2220,41693,,White Settlement,City,TX,,,,,,,,,,,,,,,,,,,,,,,,,,,,,,,,,,,,,,,,,,,,,,,,,,,,,,,,,,,,,,,,,,,,,,,,,,,,,,,,,,,,,,61,43,61,48,46,54,56,63,62,54,51,52,53,58,47,44,40,41,36,51,61,67,64,56,58,61.5,44,50,47,52,43,62,40,47,39,50,55
2245,33547,,Prosper,City,TX,,,,,,,,,,,,,,,,,,,,,,,,,,,,,,,,,,,,,,,,,,,,,,,,,,,,,,,,,,,,,,,,,,,,,,,,,,,,,,,,,,,,,,,,,,,,82,108,106.5,124,110,106,95,108,58,83,67,85.5,119.5,93,76.5,88,103,117,129,156,195,102,126.5,114,118,138.5,140,118,145,150,188.5
2262,32353,,La Marque,City,TX,,,,,,,,,,,,,,,,,,,,,,,,,,,,,,,,,,,,,,,,,,,,,,,,,,,,,,,,,,,,,,,,,,,,,,,,,,,,,,,,,,,,,,,,,,,,,,,,,,,,,,,,,,,,,,,,,,,,,79,78,93.5,87,104,104
2289,56574,,Sanger,City,TX,,,,,,,,,,,,,,,,,,,,,,,,,,,,,,,,,,,,,,,,,,,,,,,,,,,,,,,,,,,,,,,,,,,,,,,,,,,,,,,,,,,,,,,,,,,,,,,,,,,,,,,,,,,,,,,,,,60,55,54,76.5,70.5,61,91,73,84
2307,30224,,Anna,City,TX,,,,,,,,,,,,,,,,,,,,,,,,,,,,,,,,,,,,,,,,,,,,,,,,,,,,,,,,,,,,,,,,,,,,,,,,,,,,,,,,,,,,,,,,,,,,,,,,,,,,,,,,,,,,,,,,,57,82,67,79,102,91,80,95,103.5,110
2370,20704,,Sulphur Springs,City,TX,,,,,,,,,,,,,,,,,,,,,,,,,,,,,,,,,,,,,,,,,,,,,,,,,,,,,,,,,,,,,,,,,,,,,,,,,,,,,,,,,,,,,,,,,,,,,,,,,,,,,,,,,,,,,,,120,81.5,66,70,55,73,54,69.5,67,81.5,73,86
2372,49419,,Princeton,City,TX,,,,,,,,,,,,,,,,,,,,,,,,,,,,,,,,,,,,,,,,,,,,,,,,,,,,,,,,,,,,,,,,,,,,,,,,,,,,,,,,,,,,,,,43,44.5,44,43,45,60,46,54,65.5,70,52,64,53,50,41.5,42,47,49,43,43,59,74.5,77,86,73,57,59,62,61.5,70,91,70.5,43,61,80,81
2397,31123,,Crowley,City,TX,,,,,,,,,,,,,,,,,,,,,,,,,,,,,,,,,,,,,,,,,,,,,,,,,,,,,,,,,,,,,,,,,,,,,,,,,,,,,,,,,,,,,,,,,,,,,,,,,,,,,,,,,,,,,51,40,53,54,39,52.5,43,50.5,47,55.5,63,65,53,77
2409,45382,,Gainesville,City,TX,,,,,,,,,,,,,,,,,,,,,,,,,,,,,,,,,,,,,,,,,,,,,,,,,,,,,,,,,,,,,,,,,,,,,,,,,,,,,,,,,,,,,,,,,,,,,,,,,,,,,,,,,,,,,,82,87.5,89,115,82,72,80.5,70,75,59,67.5,63,73
2467,32490,,Liberty Hill,City,TX,,,,,,,,,,,,,,,,,,,,,,,,,,,,,,,,,,,,,,,,,,,,,,,,,,,,,,,,,,,,,,,,,,,,,,,,,,,,,,,,,,,,,,,,,,,,,,,,,,,,,,,,,,,119,117,91,105,83,82,66,64,81,97,81,107,103,117,114,111
2512,28168,,Celina,City,TX,,,,,,,,,,,,,,,,,,,,,,,,,,,,,,,,,,,,,,,,,,,,,,,,,,,,,,,,,,,,,,,,,,,,,,,,,,,,,,,,,,,,,,,,,,,,,,,,,93,131,101,56.5,47,65,74.5,90,96,92,72,104,111,147,115,163,151,98,139,120.5,142,176,164,165.5,111,119.5
2601,29386,,Woodway,City,TX,,,,,,,,,,,,,,,,,,,,,,,,,,,,,,,,,,,,,,,,,,,,,,,,,,,,,,,,,,,,,,,,,,,,,,,,,,,,,,,,,,,,,,,,,,,,,,,,,,,,,,,,,,,,,,,60.5,62.5,59,50,65,75,93,59,54,73.5,93.5,91.5
2618,24253,,Crandall,City,TX,,,,,,,,,,,,,,,,,,,,,,,,,,,,,,,,,,,,,,,,,,,,,,,,,,,,,,,,,,,,,,,,,,,,,,,,,,,,,,,,,,,,,,,,,,,,,,,,,,,,,,,,,,,,,,91,113,98,54,76,75,67,92,84,103,121,118,157
2636,35401,,Fulshear,City,TX,,,,,,,,,,,,,,,,,,,,,,,,,,,,,,,,,,,,,,,,,,,,,,,,,,,,,,,,,,,,,,,,,,,,,,,,,,,,,,,,,,,,,,,,,,,,,,,,,,,,,,,,,,,,,,,,,183,143.5,110,132,132,133,154,124,150.5,166
2676,12103,,Jarrell,City,TX,,,,,,,,,,,,,,,,,,,,,,,,,,,,,,,,,,,,,,,,,,,,,,,,,,,,,,,,,,,,,,,,,,,,,,,,,,,,,,,,,,,,,,,,,,,,,,,,,,,,,,,,,,,,,,102,75,73,62,79.5,72,83.5,83,98,64.5,80,80,98
