,RegionName,State,Metro,CountyName,SizeRank,2010-01,2010-02,2010-03,2010-04,2010-05,2010-06,2010-07,2010-08,2010-09,2010-10,2010-11,2010-12,2011-01,2011-02,2011-03,2011-04,2011-05,2011-06,2011-07,2011-08,2011-09,2011-10,2011-11,2011-12,2012-01,2012-02,2012-03,2012-04,2012-05,2012-06,2012-07,2012-08,2012-09,2012-10,2012-11,2012-12,2013-01,2013-02,2013-03,2013-04,2013-05,2013-06,2013-07,2013-08,2013-09,2013-10,2013-11,2013-12,2014-01,2014-02,2014-03,2014-04,2014-05,2014-06,2014-07,2014-08,2014-09,2014-10,2014-11,2014-12,2015-01,2015-02,2015-03,2015-04,2015-05,2015-06,2015-07,2015-08,2015-09,2015-10,2015-11,2015-12,2016-01,2016-02,2016-03,2016-04,2016-05,2016-06,2016-07,2016-08,2016-09,2016-10,2016-11,2016-12,2017-01,2017-02,2017-03,2017-04,2017-05,2017-06,2017-07,2017-08,2017-09,2017-10,2017-11,2017-12,2018-01,2018-02,2018-03,2018-04,2018-05,2018-06,2018-07,2018-08,2018-09,2018-10,2018-11,2018-12,2019-01,2019-02,2019-03,2019-04,2019-05,2019-06,2019-07,2019-08,2019-09,2019-10,2019-11,2019-12
2,Houston,TX,Houston-The Woodlands-Sugar Land,Harris County,3,,,,,,,,,,,,,,,,,,,,,,,,,,,,,,,,,,,,,,,,,,,,,,,1250,1235,1250,1250,1299.5,1350,1395,1400,1400,1420,1400,1411,1400,1425,1425,1445,1467,1500,1500,1550,1510,1500,1500,1500,1500,1500,1500,1513.5,1550,1525,1495,1489.5,1450,1475,1450,1400,1437,1400,1450,1495,1495,1500,1500,1500,1500,1500,1500,1495,1480,1480,1475,1475,1500,1500,1550,1559.5,1575,1550,1545,1500,1500,1500,1500,1500,1500,1544,1550,1550,1550,1550,1550,1500,1500,1500
4,San Antonio,TX,San Antonio-New Braunfels,Bexar County,5,,,,,,,,1200,1195,1197,1137.5,1200,1095,1100,1125,1150,1175,1195,1200,1200,1153.5,1100,1100,1100,1150,1150,1150,1050,1050,1100,1125,1100,1095,1080,1095,1050,886,900,890,915,910,999,939,950,1000,1095,1075,1075,1075,1082,1100,1106,1100,1145,1157,1150,1125,1119,1100,1100,1100,1100,1125,1100,1133,1150,1145,1125,1100,1117,1125,1125,1145,1148.5,1115,1095,1082,1075,1095,1095,1065,1065,1095.5,1030,1165,1195,1200,1200,1227.5,1295,1275,1251,1250,1250,1245,1225,1250,1250,1250,1273,1295,1300,1300,1300,1289,1285,1295,1295,1295,1295,1300,1300,1325,1345,1349,1322.5,1299,1300,1299,1300
9,Dallas,TX,Dallas-Fort Worth-Arlington,Dallas County,10,,,,,,,,,,,,,,,,,,,,,,,,,,,,,1095,1150,1080,1000,1131.5,1134.5,1200,1195,1100,1124,1200,1190,1200,1250,1295,1235,1250,1250,1230,1300,1250,1250,1230,1250,1300,1300,1350,1349.5,1300,1300,1300,1300,1300,1325,1378,1400,1400,1400,1495,1495,1400,1400,1400,1400,1448,1475,1500,1495,1495,1471,1450,1450,1400,1450,1495,1450,1500,1550,1600,1600,1650,1700,1650,1650,1679,1600,1600,1600,1600,1600,1600,1650,1650,1650,1690,1650,1600,1600,1650,1650,1672.5,1650,1695,1750,1800,1795,1800,1795,1795,1750,1750,1700
10,Austin,TX,Austin-Round Rock,Travis County,11,,,,,,,,,,,,,,,,,,,,,,,,,,,,,,,,,,,,,,1075,990,1045,1090,1250,1125,1190,1250,1340,1350,1300,1296,1308.5,1395,1425,1390,1395,1437,1425,1400,1395,1350,1345,1350,1350,1350,1400,1450,1500,1525,1519,1525,1529,1550,1500,1500,1525,1500,1400,1350,1450,1450,1430,1389,1340,1350,1350,1500,1550,1600,1650,1650,1695,1695,1650,1650,1645,1600,1599,1600,1630,1650,1675,1695,1700,1700,1700,1695,1695,1675,1675,1695,1695,1700,1730,1750,1775,1795,1775,1750,1775,1770,1750
16,Fort Worth,TX,Dallas-Fort Worth-Arlington,Tarrant County,17,,,,,,,,,,,,,,1250,1250,1250,1250,1250,1250,1250,1250,1200,1200,1200,1200,1225,1250,1200,1197,1200,1200,1200,1195,1195,1225,1200,1195,1195,1195,1200,1250,1280,1290,1250,1295,1290,1250,1295,1275,1265,1275,1289,1325,1350,1350,1350,1350,1300,1345,1350,1350,1350,1395,1395,1395,1395,1395,1395,1395,1395,1395,1395,1395,1400,1425,1449.5,1445,1425,1450,1450,1425,1425,1400,1400,1450,1450,1495,1500,1525,1550,1550,1550,1550,1525,1500,1500,1500,1525,1550,1595,1595,1595,1600,1600,1595,1575,1577.5,1595,1595,1595,1595,1600,1650,1650,1650,1650,1640,1600,1615,1600
21,El Paso,TX,El Paso,El Paso County,22,,,,,,,,,,,,,,,,1300,1250,1200,1200,1195,1200,1200,1175,1200,1200,1200,1200,1200,1195,1200,1195,1150,1100,1100,1095,1050,1025,1025,1050,1095,1095,1100,1100,1100,1100,1100,1065,1100,1095,1095,1090,1095,1150,1150,1150,1100,1100,1100,1100,1100,1100,1100,1125,1150,1150,1150,1150,1150,1125,1100,1100,1100,1100,1100,1100,1100,1100,1150,1125,1100,1095,1095,1075,1082.5,1095,1099,1100,1100,1150,1150,1125,1100,1100,1095,1075,1075,1075,1050,1100,1100,1100,1150,1150,1125,1100,1100,1100,1100,1100,1100,1100,1150,1150,1200,1200,1170,1150,1100,1125,1175
51,Arlington,TX,Dallas-Fort Worth-Arlington,Tarrant County,52,,,,,,,,,,,1199.5,1200,1200,1225,1200,1200,1200,1200,1200,1150,1100,1100,1072.5,1095,1095,1135,1147.5,1095,1095,1150,1095,1100,1100,1097.5,1150,1195,1100,1100,1095,1095,1100,1225,1200,1197,1225,1212.5,1200,1200,1200,1200,1200,1200,1295,1295,1275,1250,1250,1275,1295,1295,1300,1325,1350,1350,1325,1345,1350,1390,1350,1350,1325,1360,1350,1350,1395,1375,1350,1350,1395,1375,1395,1400,1395,1395,1449,1450,1450,1477.5,1495,1500,1500,1495,1500,1500,1495,1495,1500,1495,1500,1522.5,1525,1550,1550,1550,1550,1549,1525,1550,1550,1575,1592,1600,1600,1612.5,1600,1600,1645,1600,1600,1600
66,Corpus Christi,TX,Corpus Christi,Nueces County,67,,,,,,,,,,,,,,,,,,,,1350,1300,1250,1199.5,1200,1200,1200,1200,1300,1200,1295,1295,1272.5,1300,1300,1337.5,1200,1250,1300,1362.5,1325,1350,1350,1400,1412.5,1450,1500,1512.5,1550,1595,1550,1550,1550,1500,1600,1550,1500,1500,1550,1550,1500,1500,1550,1595,1600,1600,1600,1530,1575,1500,1500,1475,1475,1500,1450,1500,1600,1595,1575,1600,1595,1500,1550,1437.5,1400,1495,1500,1495,1495,1450,1495,1500,1500,1500,1500,1500,1500,1500,1500,1550,1500,1595,1550,1550,1550,1500,1495,1450,1495,1495,1550,1550,1590,1550,1595,1600,1600,1500,1495,1500,1500
79,Plano,TX,Dallas-Fort Worth-Arlington,Collin County,80,,,,,,,,,1672.5,1900,1685,1550,1595,1595,1595,1600,1625,1600,1600,1650,1650,1612.5,1550,1550,1595,1600,1595,1462.5,1595,1600,1625,1595,1600,1625,1650,1600,1595,1595,1595,1595,1650,1695,1692.5,1650,1600,1650,1650,1695,1695,1695,1700,1699,1750,1800,1800,1850,1800,1795,1795,1795,1795,1800,1800,1850,1850,1850,1895,1850,1849.5,1850,1800,1800,1850,1850,1850,1850,1895,1950,1900,1875,1875,1895,1895,1895,1895,1850,1850,1900,1950,1995,1995,1950,1950,1900,1895,1895,1900,1900,1950,1950,1990,1995,1995,2000,1995,1995,1995,1950,1950,1950,1950,2000,2050,2050,2023,2000,1995,1995,2000,2000
87,Lubbock,TX,Lubbock,Lubbock County,88,,,,,,,,,,,,,,,,,,,,,,,,,,,,,,,,,,,,,,,,1190,1050,1000,1050,995,995,900,950,995,995,1000,1000,1000,995,995,997.5,1100,1100,1100,1085,1000,1000,1125,1200,1200,1195,1200,1199,1150,1100,1100,1100,1100,1050,1075,1100,1195,1100,1100,1150,1100,1097.5,1050,1050,1050,1150,1195,1200,1200,1200,1200,1200,1125,1100,1100,1100,1095,1100,1175,1200,1200,1200,1200,1150,1100,1100,1125,1100,1137.5,1150,1200,1200,1200,1200,1200,1195,1100,1100,1150,1195,1195
105,Laredo,TX,Laredo,Webb County,106,,,,,,,,,,,,,,,,,,,,,,,,,,,,,,,,,,,,,,,,,,,,,,,,,,,,,,,,,,,,,,,,,,,,,,,,,,,,,,,,,,,,,,1300,1300,1300,1300,1350,1300,1300,1300,1275,1250,1300,1300,1300,1250,1250,1300,1300,1340,1262.5,1230,1300,1272.5,1300,1300,1300,1300,1300,1300,1300,1325,1325,1300,1300,1300,1300
109,Garland,TX,Dallas-Fort Worth-Arlington,Dallas County,110,,,,,,,,,,,,,,,,,,,1095,1092.5,1050,1050,1000,1050,1050,1070,1050,1072.5,1095,1100,1050,1100,1095,1095,1095,1095,1095,1100,1000,995,1000,1150,1157.5,1150,1150,1195,1195,1195,1175,1150,1175,1175,1225,1200,1212.5,1250,1250,1250,1250,1250,1272.5,1295,1295,1250,1250,1295,1295,1300,1300,1297.5,1287.5,1295,1250,1292.5,1325,1300,1350,1312.5,1385,1312.5,1350,1450,1350,1375,1400,1400,1400,1400,1450,1450,1497.5,1450,1475,1450,1450,1480,1450,1400,1450,1475,1495,1500,1500,1500,1500,1495,1495,1495,1475,1492.5,1495,1495,1500,1550,1550,1503,1500,1540,1550,1500
110,Spring,TX,Houston-The Woodlands-Sugar Land,Harris County,111,,,,,,,,,,1475,1475,1500,1425,1400,1400,1400,1297.5,1450,1450,1400,1350,1300,1375,1350,1337.5,1350,1350,1375,1350,1395,1412.5,1350,1275,1200,1275,1275,1262.5,1200,1350,1325,1350,1450,1450,1450,1400,1425,1450,1450,1400,1400,1400,1450,1500,1550,1500,1500,1500,1500,1525,1525,1525,1525,1550,1575,1595,1595,1575,1575,1550,1525,1525,1500,1500,1500,1550,1599,1560,1595,1550,1550,1500,1519,1500,1500,1500,1500,1550,1550,1550,1550,1550,1550,1550,1527.5,1550,1550,1525,1550,1575,1600,1600,1600,1600,1600,1595,1550,1550,1550,1550,1550,1600,1600,1625,1650,1600,1603.5,1636.5,1600,1599,1595
116,Irving,TX,Dallas-Fort Worth-Arlington,Dallas County,117,,,,,,,,,,,,,,,,,,,,,,,,,,,,,,,,,,,,,,,,,,,,,,,,,,,,,,1600,1572.5,1595,1600,1500,1600,1625,1625,1600,1750,1650,1750,1850,1799.5,1750,1600,1600,1695,1600,1647.5,1772.5,1772.5,1772.5,1795,1700,1700,1650,1700,1625,1700,1600,1595,1800,1795,1900,2000,2095,2100,2100,2050,1950,1900,1995,1900,1895,1875,1900,1850,1875,1850,1800,1800,1800,1750,1800,1800,1795,1737.5,1847.5,2000,1990,2000,1950,1895,1800,1850,1892
145,Amarillo,TX,Amarillo,Potter County,146,,,,,,,,,,,,,,,,,,,,,,,,,,,,,,,,,,,,,,,,,,,,,,,,,,,,,,,,,1200,1200,1250,1200,1295,1272.5,1250,1350,1350,1150,1197.5,1200,1200,1300,1295,1300,1312.5,1400,1495,1360,1350,1225,1295,1250,1200,1195,1250,1175,1195,1275,1295,1282.5,1250,1250,1195,1200,1200,1200,1195,1150,1175,1200,1250,1250,1195,1200,1250,1250,1150,1100,1000,1095,1100,1100,1112.5,1200,1200,1200,1217.5,1200,1250,1195,1195,1200
153,Brownsville,TX,Brownsville-Harlingen,Cameron County,154,,,,,,,,,,,,,,,,,,,,,,,,,,,,,,,,,,,,,,,,,,,,,,,,,,,,,,,,,,,,,,,,,,,,,,,,,,,,,,1100,1200,1025,987.5,1100,1050,1100,1100,1100,1100,1100,1200,1150,1100,1150,1150,1200,1200,1200,1100,1100,1100,1200,1200,1100,1100,1100,1150,1100,1100,1100,1100,1100,1200,1200,1200,1200,1200,1200,1200,1150,1200,1250
161,Grand Prairie,TX,Dallas-Fort Worth-Arlington,Dallas County,162,,,,,,,,,,,,,,,,,,,,1305.5,1297,1300,1295,1250,1295,1385,1395,1250,1300,1300,1195,1100,1200,1195,1295,1250,1125,1200,1200,1225,1200,1297.5,1297.5,1213,1275,1295,1275,1350,1300,1350,1300,1325,1395,1350,1350,1395,1375,1337,1350,1397.5,1375,1395,1450,1485,1450,1450,1450,1400,1385,1495,1397.5,1397.5,1450,1395,1450,1404,1395,1450,1500,1500,1495,1450,1525,1522.5,1505,1500,1539,1550,1595,1600,1647.5,1595,1590,1595,1595,1572.5,1550,1582.5,1600,1673,1662.5,1650,1700,1650,1649.5,1647.5,1625,1595,1595,1595,1600,1650,1700,1710,1699,1700,1699,1695,1695,1695
178,Killeen,TX,Killeen-Temple,Bell County,179,,,,,,,,,,,,,1000,950,985,1000,1000,975,895,875,875,895,875,850,875,875,900,925,950,950,975,950,995,950,925,950,950,925,950,950,950,950,950,950,950,950,950,950,947.5,950,939.5,940,975,995,975,975,965,975,960,950,975,950,975,995,975,975,960,950,950,950,950,950,950,950,950,950,990,975,995,980,950,950,975,950,975,975,950,995,995,995,995,995,975,950,950,950,950,950,950,975,990,995,995,950,950,950,975,995,975,965,995,1050,1055,1075,1050,1045,1012.5,1000,1000,1000
187,Sugar Land,TX,Houston-The Woodlands-Sugar Land,Fort Bend County,188,,,,,,,,,,,,,,,,,,,,,,,,,,,,,,,,,,,,,,,,,,,1795,1700,1700,1800,1800,1800,1800,1800,1800,1800,1880,1950,2000,1950,1895,1850,1845,1850,1900,1950,1990,2100,2000,1995,1997.5,2000,2000,1900,1950,1950,1975,1980,1999.5,2000,1995,2000,1900,1950,1962.5,1800,1862.5,1800,1800,1800,1825,1850,1875,1875,1877.5,1850,1875,1900,1900,1900,1850,1900,1950,1900,1850,1850,1850,1850,1850,1825,1800,1795,1795,1795,1795,1800,1900,1875,1875,1900,1900,1895,1900,1850
192,McKinney,TX,Dallas-Fort Worth-Arlington,Collin County,193,,,,,,,,,,,1575,1532.5,1400,1400,1450,1450,1500,1500,1500,1500,1550,1495,1495,1495,1500,1500,1500,1500,1550,1550,1595,1550,1550,1500,1550,1595,1550,1547.5,1550,1550,1575,1600,1625,1600,1622.5,1650,1600,1597.5,1595,1600,1600,1610,1650,1675,1695,1650,1650,1650,1650,1650,1695,1695,1700,1700,1725,1700,1750,1750,1750,1747.5,1725,1750,1750,1750,1750,1750,1795,1750,1790,1800,1792.5,1800,1799,1700,1750,1800,1850,1847.5,1850,1850,1845,1800,1800,1795,1795,1795,1795,1800,1849,1875,1850,1850,1850,1850,1825,1850,1895,1900,1900,1900,1900,1900,1900,1900,1900,1900,1900,1900,1895,1850
199,Odessa,TX,Odessa,Ector County,200,,,,,,,,,,,,,,,,,,,,,,,,,,,,,,,,,,,,,,,,,,,,,,,,,,,,,,,,,,,,,,,,,,,,,,,,,,,,,,,,,,,,,,,,,,,,,,,,,,,,,,,2200,2000,2000,2050,2300,2300,2100,2200,2500,2300,2300,2100,2200,2200,2000,2000,2100,2000
202,Midland,TX,Midland,Midland County,203,,,,,,,,,,,,,,,,,,,,,,,,,,,,,,,,,,,,,,,,,,,,,,,,,,,,,,,,,,,,,,,,,,,,,,,,,,,,,,,,,,,,,,,,,,,,,,,,,,,,,,,2550,2500,2700,2500,2700,2800,2600,2500,2600,2500,2500,2500,2800,2675,2500,2500,2500,2500
206,Tyler,TX,Tyler,Smith County,207,,,,,,,,,,,,,,,,,,,,,,,,,,,,,,,,,,,,,,,,,,,,,,,,,,,,,,,,,,,,,,,,,,,,,,,,,,,,,,,1180,1250,1150,1050,1150,1050,1112.5,1100,1125,1150,1175,1157.5,1195,1135,1172.5,1200,1200,1250,1200,1150,1195,1200,1250,1200,1257.5,1250,1250,1295,1250,1250,1295,1295,1300,1300,1300,1300,1325,1295,1250,1295,1250,1295
209,Cypress,TX,Houston-The Woodlands-Sugar Land,Harris County,210,,,,,,,,,,,,,,1375,1350,1350,1350,1295,1250,1175,1250,1250,1400,1400,1375,1450,1450,1450,1450,1500,1512.5,1500,1462.5,1400,1337.5,1450,1473,1350,1550,1500,1500,1597,1495,1577.5,1507.5,1500,1500,1500,1395,1400,1425,1575,1650,1650,1600,1600,1695,1700,1697,1650,1650,1700,1672,1700,1700,1700,1795,1750,1750,1700,1700,1700,1700,1700,1750,1750,1699,1750,1730,1700,1700,1695,1735,1675,1650,1695,1692.5,1700,1700,1700,1700,1700,1695,1650,1680,1700,1700,1722.5,1750,1750,1750,1785,1750,1700,1700,1700,1700,1700,1700,1700,1750,1762.5,1795,1750,1750,1722.5,1750,1750,1725,1700
210,Round Rock,TX,Austin-Round Rock,Williamson County,211,,,,,,,,,,,,,,,,,,,,,,,,,,,,,,,,,,,,,,1145,1065.5,1145,1200,1350,1295,1250,1325,1350,1395,1395,1350,1395,1400,1425,1395,1397,1400,1425,1425,1400,1400,1418,1442.5,1427,1495,1475,1500,1495,1495,1500,1545,1500,1495,1495,1495,1450,1450,1450,1497,1525,1495,1495,1425,1450,1450,1411,1495,1550,1595,1600,1650,1642.5,1597,1595,1595,1550,1590,1550,1587.5,1595,1595,1600,1650,1675,1675,1645,1625,1600,1595,1600,1625,1625,1641,1650,1650,1675,1675,1650,1645,1650,1650,1650
216,Conroe,TX,Houston-The Woodlands-Sugar Land,Montgomery County,217,,,,,,,,,,,,,,,,,,,,,,,,,,,,,,,,,,,,,,,,,,,,,,,,,,,1500,1500,1539.5,1595,1597,1500,1519,1495,1500,1600,1600,1600,1550,1575,1575,1597.5,1600,1612.5,1600,1597.5,1575,1562.5,1595,1500,1595,1550,1650,1525,1595,1600,1650,1600,1600,1500,1550,1495,1459.5,1525,1550,1577.5,1600,1600,1595,1550,1550,1600,1600,1600,1650,1662.5,1600,1645,1650,1600,1595,1550,1595,1577.5,1600,1615,1650,1612.5,1685,1700,1700,1699,1650,1645,1600,1600
221,Pasadena,TX,Houston-The Woodlands-Sugar Land,Harris County,222,,,,,,,,,,,,,,,,,,,,,,,,,,,,,,,,,,,,,,,,,,,,,,,,,,,,,,,,,,,,,,,,,,,,,,,,,,,,,,,1400,1500,1300,1200,1250,1200,1300,1300,1250,1350,1362.5,1395,1350,1300,1275,1272.5,1300,1337.5,1300,1350,1300,1400,1350,1350,1350,1350,1350,1325,1350,1350,1385,1362.5,1400,1450,1350,1350,1335,1375,1350,1362.5,1325,1350
222,Beaumont,TX,Beaumont-Port Arthur,Jefferson County,223,,,,,,,,,,,,,,,,,,,,,,,,,,,,,,,,,,,,,,,,,,,,,,,,,,,,,,,,,,,,,,,,,,,,,,,,,,,,,,,,,,,,,,,1100,1095,1200,1150,1200,1162.5,1162.5,1200,1200,1250,1250,1100,1200,1250,1250,1200,1200,1257.5,1204.5,1200,1150,1100,1100,1100,1100,1200,1175,1200,1200,1250,1200,1197,1200,1195
224,Frisco,TX,Dallas-Fort Worth-Arlington,Collin County,225,,,,,,,,,,,,,,1800,1700,1800,1850,1812.5,1837.5,1850,1800,1850,1700,1800,1850,1850,1795,1800,1900,1785,1750,1700,1697.5,1750,1750,1700,1700,1695,1700,1697.5,1695,1750,1800,1800,1800,1825,1890,1850,1900,1850,1845,1850,1912.5,1950,1895,1950,1995,1912.5,1950,1895,1895,1950,1995,2000,2050,2100,2000,2100,2000,1995,2000,2050,2000,2000,2000,2000,2100,2000,2100,2000,2000,2062.5,2195,2000,2000,2000,2050,2100,2150,2150,2195,2100,2100,2100,2100,2100,2187.5,2150,2155,2150,2100,2180,2195,2250,2232.5,2250,2207.5,2272.5,2295,2250,2200,2200,2200,2200,2250,2200,2200,2195,2195,2282.5
232,Mesquite,TX,Dallas-Fort Worth-Arlington,Dallas County,233,,,,,,,,,,,,,,1095,1100,1100,1050,1095,1095,1095,1100,1095,1050,1095,1050,1095,1100,1012.5,999,1100,1100,1095,1050,1025.5,1025,1050,1050,1050,1097.5,1095,1075,1100,1097.5,1095,1100,1150,1150,1190,1150,1150,1145,1150,1150,1172.5,1195,1195,1195,1195,1195,1195,1200,1175,1195,1225,1200,1200,1195,1195,1197,1195,1150,1190,1200,1200,1250,1250,1200,1200,1250,1299.5,1250,1250,1285,1250,1350,1350,1350,1375,1350,1395,1385,1395,1400,1400,1430,1412.5,1400,1445,1445,1425,1450,1485,1495,1475,1475,1460,1475,1475,1475,1470,1475,1475,1497.5,1500,1495,1475,1500,1499,1495,1495
239,McAllen,TX,McAllen-Edinburg-Mission,Hidalgo County,240,,,,,,,,,,,,,,,,,,,,,,,,,,,,,,,,,,,,,,,,,,,,,,,,,,,,,,,,,,,,1650,1500,1350,1300,1250,1300,1300,1300,1300,1300,1362.5,1350,1350,1397,1300,1300,1300,1300,1200,1325,1300,1200,1300,1350,1250,1300,1175,1200,1250,1300,1300,1300,1275,1250,1250,1200,1250,1250,1200,1300,1300,1362.5,1300,1362.5,1300,1300,1262.5,1300,1285,1300,1300,1250,1300,1250,1300,1250,1300,1300,1300,1350,1350
250,Abilene,TX,Abilene,Taylor County,251,,,,,,,,,,,,,,,,,,,,,,,,799,795,775,862.5,895,785,895,950,799.5,795,762.5,750,737.5,750,812.5,750,850,895,850,831.5,850,800,850,797.5,800,850,850,850,850,870,925,937.5,925,950,915,950,895,900,895,975,950,950,1000,1025,995,985,995,975,995,995,1000,1095,1095,995,995,997.5,927,1077.5,995,995,995,1077.5,1050,925,1000,1050,1050,1000,975,950,899.5,925,975,985,995,1050,995,1097.5,1125,1100,1095,1095,1050,1000,950,945,962.5,999,1095,1195,1195,1210,1175,1100,1100,1050,1095
258,Carrollton,TX,Dallas-Fort Worth-Arlington,Denton County,259,,,,,,,,,,,,,,,,,,,,,,,,,,,,,,1440,1395,1450,1439,1400,1495,1400,1399.5,1412.5,1391.5,1395,1350,1450,1449,1400,1450,1599,1595,1595,1557.5,1500,1500,1500,1650,1600,1612.5,1650,1650,1650,1650,1650,1675,1695,1700,1697.5,1700,1695,1650,1695,1667.5,1650,1650,1650,1750,1697.5,1722.5,1695,1700,1695,1795,1800,1750,1750,1795,1795,1700,1700,1750,1795,1895,1895,1850,1800,1847.5,1797.5,1790,1725,1789,1800,1800,1850,1850,1875,1875,1850,1850,1880,1850,1812.5,1850,1850,1850,1878.5,1870,1900,1905,1850,1895,1925,1850,1850
265,Waco,TX,Waco,McLennan County,266,,,,,,,,,,,,,,,,,,,,,,,,,,,,,,,,,,,,,,,,,,,,,,,,,,,,,,,,,,,,,,,,,,,,,,,,,,,,,,,,,,,950,997.5,937.5,995,1097.5,1100,1050,1095,1062.5,1050,995,1100,1100,1237.5,1162.5,1197.5,1230,1395,1300,1295,1295,1100,1185,1197.5,1200,1125,1112.5,1100,1150,1200,1200,1200,1160,1100,1075,1000,1100,1150
268,Pearland,TX,Houston-The Woodlands-Sugar Land,Brazoria County,269,,,,,,,,,,,,,,,,,,,,,,,,,,,,,,,,,,,,,,,,,,,,,,,1700,1650,1700,1700,1700,1700,1800,1850,1850,1900,1900,1937,1900,1859,1900,1882,1950,1950,1900,1950,1950,1962.5,2000,1900,1900,1900,1862.5,1895,1950,1995,1995,1950,1950,1950,1950,1850,1897.5,1900,1900,1895,1895,1895,1892.5,1895,1895,1850,1895,1900,1850,1860,1850,1850,1850,1900,1900,1900,1900,1895,1875,1850,1850,1895,1895,1875,1850,1850,1895,1900,1900,1895,1850,1895,1850,1850
269,Denton,TX,Dallas-Fort Worth-Arlington,Denton County,270,,,,,,,,,,,,,,1200,1250,1250,1250,1250,1300,1300,1295,1272.5,1250,1250,1295,1295,1250,1232.5,1250,1250,1300,1300,1297,1287.5,1250,1250,1250,1150,1225,1200,1225,1275,1350,1295,1325,1325,1350,1359.5,1362.5,1350,1375,1375,1350,1350,1395,1397.5,1350,1450,1450,1450,1450,1450,1475,1475,1395,1400,1450,1450,1475,1450,1439,1450,1495,1500,1495,1495,1485,1450,1500,1495,1450,1400,1450,1450,1500,1500,1550,1550,1550,1550,1550,1545,1517.5,1500,1500,1525,1545,1550,1595,1595,1600,1600,1650,1600,1599,1585,1572.5,1595,1599,1600,1600,1650,1650,1650,1672.5,1650,1650,1600,1600,1650
310,College Station,TX,College Station-Bryan,Brazos County,311,,,,,,,,,,,,,,,1350,1550,1400,1400,1395,1295,1250,1072.5,1100,1095,1150,1250,1295,1295,1250,1275,1295,1200,1197.5,1196,1100,1100,1200,1285,1295,1195,1200,1200,1200,1200,1295,1300,1350,1365,1495,1395,1395,1395,1395,1395,1400,1397.5,1495,1495,1500,1500,1500,1412.5,1395,1500,1500,1512.5,1495,1450,1450,1500,1650,1695,1600,1470,1470,1495,1495,1575,1500,1500,1450,1512.5,1650,1600,1595,1560,1500,1500,1500,1500,1450,1395,1395,1437.5,1500,1550,1550,1595,1500,1500,1495,1400,1350,1295,1350,1450,1525,1595,1585,1500,1500,1460,1450,1400,1395,1375,1450,1585,1599.5,1599.5
316,Lewisville,TX,Dallas-Fort Worth-Arlington,Denton County,317,,,,,,,,,,,,,,1495,1450,1425,1450,1422.5,1350,1300,1295,1287.5,1250,1350,1350,1395,1400,1225,1400,1425,1350,1350,1400,1412.5,1365,1350,1250,1300,1300,1300,1365,1550,1475,1391,1400,1500,1525,1525,1475,1512.5,1550,1550,1600,1600,1600,1600,1599,1595,1650,1665,1650,1662.5,1650,1650,1650,1625,1682.5,1650,1600,1600,1650,1659,1695,1695,1695,1700,1697.5,1695,1650,1697.5,1650,1650,1725,1650,1712.5,1750,1800,1800,1795,1800,1750.5,1795,1795,1750,1700,1700,1700,1797,1800,1850,1800,1850,1850,1815,1800,1800,1812.5,1795,1795,1845,1825,1800,1850,1900,1900,1850,1890,1900,1900,1900
340,Richardson,TX,Dallas-Fort Worth-Arlington,Dallas County,341,,,,,,,,,,,,,,,,,,,,,,,,,,,,,,,,,,,,,,,,,,,1400,1350,1500,1500,1500,1535,1535,1530,1500,1500,1585,1595,1695,1695,1695,1600,1697,1650,1695,1697,1700,1700,1750,1695,1700,1725,1700,1695,1692.5,1695,1650,1650,1800,1695,1650,1795,1700,1750,1695,1650,1695,1800,1762.5,1750,1750,1850,1850,1895,1900,1850,1850,1850,1795,1850,1849,1850,1850,1895,1875,1897,1895,1850,1850,1850,1895,1825,1800,1850,1850,1900,1900,1950,1950,1950,1900,1897.5,1950,1950
354,Wichita Falls,TX,Wichita Falls,Wichita County,355,,,,,,,,,,,,,,,,,,,,,,850,947.5,900,897.5,922.5,960,950,872.5,895,900,900,895,850,850,800,797.5,812.5,875,895,947.5,1075,1050,900,900,962.5,897.5,850,850,850,850,875,950,900,950,937.5,950,950,950,912.5,897.5,875,900,825,900,950,885,850,900,850,825,850,862.5,895,900,850,866,900,890,995,850,885,975,900,937.5,900,899,900,937.5,950,950,900,895,900,900,900,875,850,895,895,900,900,875,900,885,900,895,850,875,900,900,950,900,850,850,900,900,900,850,847.5
366,The Woodlands,TX,Houston-The Woodlands-Sugar Land,Montgomery County,367,,,,,,,,,,,,,,,,,,,,,,,,,,,,,,,,,,,,,,,,,,,,,,,,,,,1950,2000,2100,2100,2100,2025,2150,2200,2000,2050,2000,2000,2090,2100,2097.5,2100,2200,2150,2100,2000,2000,2000,1995,2000,2050,2050,2072.5,2100,2100,1995,2100,2097.5,1925,2050,2000,1950,1879,1950,1990,1975,1995,1950,1950,1950,1950,2000,2000,1975,2000,2100,2100,2100,2100,2000,1925,1900,1900,1900,1900,1950,1950,2099,2165,2100,2000,2000,2000,1992.5,2075,2000
367,Longview,TX,Longview,Gregg County,368,,,,,,,,,,,,,,,,,,,,,,,,,,,,,,,,,,,,,,,,,,,,,,,,,,,,,,,,,,,,,,,,,,,,,,,,,,,,,,,1125,1197.5,1185,1100,1185,1090,1097.5,1095,1095,1150,1195,1150,1195,1162.5,1162.5,1125,1195,1195,1195,1192.5,1250,1200,1200,1200,1197.5,1185,1100,1172.5,1150,1125,1112.5,1050,1200,1195,1197.5,1300,1300,1295,1195,1195,1245,1197.5
389,League City,TX,Houston-The Woodlands-Sugar Land,Galveston County,390,,,,,,,,,,,,,,,,,,,,,,,,,,,,,,,,,,,,,,,,,,,,,,,1862.5,1737.5,1675,1650,1675,1700,1825,1850,1795,1885,1750,1750,1762.5,1750,1700,1699,1767.5,1850,1800,1850,1975,1900,1945,1900,1800,1879,1912.5,1900,1935,1999,1900,1895,1835,1750,1900,1800,1845,1800,1895,1875,1850,1875,1850,1895,1895,1900,1950,1950,1850,1895,1850,1850,1900,1895,1900,1945,1900,1875,1850,1850,1825,1825,1800,1797.5,1852.5,1895,1850,1895,1850,1900,1850,1825,1865,1800
399,Bryan,TX,College Station-Bryan,Brazos County,400,,,,,,,,,,,,,,,,,,,,,,,,,,,,,,,,,,,,,,,,,,,,,,,,,,,,,,,,,,,,,,,,,,,,,,,,,,,,,,,,,,,,,1345,1300,1250,1297.5,1300,1297.5,1275,1200,1195,1195,1200,1262.5,1350,1275,1200,1250,1200,1200,1250,1100,1150,1185,1295,1300,1250,1200,1300,1299.5,1295,1275,1400,1295,1295,1375,1425,1350
411,New Braunfels,TX,San Antonio-New Braunfels,Comal County,412,,,,,,,,,,,,,,1250,1250,1250,1295,1200,1225,1200,1097.5,1195,1200,1285,1250,1275,1295,1275,1275,1347.5,1350,1350,1312.5,1295,1300,1295,1300,1300,1297.5,1295,1295,1350,1345,1295,1300,1395,1395,1350,1350,1350,1350,1350,1395,1400,1400,1475,1400,1400,1425,1400,1395,1400,1395,1395,1425,1400,1472.5,1525,1495,1495,1495,1495,1525,1495,1500,1525,1495,1495,1450,1495,1500,1450,1495,1495,1500,1525,1525,1575,1550,1550,1575,1550,1500,1500,1550,1545,1550,1550,1650,1600,1600,1650,1625,1595,1595,1550,1557.5,1550,1550,1535,1600,1575,1575,1599.5,1650,1650,1635,1600,1599,1600
422,Allen,TX,Dallas-Fort Worth-Arlington,Collin County,423,,,,,,,,,,,,,1512.5,1500,1500,1550,1500,1697.5,1650,1650,1650,1650,1600,1500,1550,1600,1600,1597.5,1600,1662.5,1600,1600,1595,1600,1662.5,1697,1600,1695,1695,1597,1650,1675,1700,1692.5,1692.5,1650,1600,1695,1695,1685,1695,1695,1795,1795,1800,1795,1750,1750,1750,1750,1775,1762.5,1750,1750,1812.5,1800,1800,1795,1800,1800,1795,1750,1750,1795,1799,1800,1850,1900,1900,1885,1800,1870,1847.5,1880,1880,1895,1900,1950,1900,1895,1895,1899,1895,1850,1850,1850,1850,1850,1890,1950,1995,1897.5,1912.5,1900,1925,1880,1885,1865,1875,1895,1895,2000,1999,1995,1950,1950,1900,1897.5,1900,1895
454,San Angelo,TX,San Angelo,Tom Green County,455,,,,,,,,,,,,,,,,,,,,,,,,,,,,,,,,,,,,,,,,,,,,,,,,,,,,,,,,,,,,,,,,,1250,1250,1275,1300,1325,1200,1200,1200,1200,1200,1200,1250,1200,1100,1200,1250,1200,1100,1100,1200,1100,1095,1197.5,1200,1250,1190,1200,1200,1200,1200,1200,1200,1100,1150,1150,1200,1250,1250,1295,1172.5,1175,1200,1200,1275,1250,1250,1200,1200,1250,1337.5,1300,1275,1262.5,1272.5,1250,1200
466,Georgetown,TX,Austin-Round Rock,Williamson County,467,,,,,,,,,,,,,,,,,1250,1275,1295,1475,1400,1400,1450,1497.5,1400,1400,1437.5,1500,1325,1350,1395,1475,1475,1500,1500,1550,1395,1395,1400,1400,1425,1450,1375,1397.5,1395,1450,1485,1500,1550,1562.5,1500,1500,1550,1575,1585,1575,1550,1550,1525,1550,1595,1550,1550,1550,1550,1550,1575,1600,1600,1600,1595,1600,1650,1600,1600,1600,1600,1600,1612.5,1600,1650,1595,1650,1695,1600,1600,1650,1650,1675,1695,1700,1700,1650,1700,1695,1695,1685,1650,1762.5,1700,1700,1725,1680,1677,1650,1650,1665,1650,1650,1695,1700,1695,1700,1725,1750,1750,1750,1750,1750,1750
480,Pflugerville,TX,Austin-Round Rock,Travis County,481,,,,,,,,,,,,,,,,,,,,,,,,,,,,,,,,,,,,,,1072.5,1020,1197.5,1260,1295,1225,1250,1275,1300,1297.5,1285,1270,1295,1325,1350,1295,1295,1359,1375,1350,1359,1375,1350,1359,1350,1354.5,1375,1375,1400,1450,1450,1450,1450,1495,1495,1475,1450,1460,1395,1400,1450,1495,1490,1437,1450,1450,1395,1525,1550,1550,1595,1575,1595,1595,1595,1595,1550,1550,1600,1599,1600,1600,1650,1695,1650,1675,1650,1625,1612.5,1600,1625,1650,1650,1675,1698,1700,1698,1700,1695,1650,1650,1677,1695
560,Missouri City,TX,Houston-The Woodlands-Sugar Land,Fort Bend County,561,,,,,,,,,,,,,,,,,,,,,,,,,,,,,,,,,,,,,,,,,,,,,,,1400,1412.5,1425,1400,1400,1450,1500,1500,1550,1650,1650,1500,1650,1600,1650,1700,1685,1725,1700,1700,1625,1695,1612.5,1677.5,1650,1600,1650,1590,1680,1697.5,1687.5,1650,1675,1650,1629,1600,1650,1595,1695,1632,1600,1695,1700,1650,1650,1650,1749.5,1700,1700,1680,1680,1650,1625,1675,1700,1700,1697.5,1650,1650,1700,1695,1650,1650,1650,1690,1700,1690,1750,1750,1700,1750,1700,1700,1695
561,Mission,TX,McAllen-Edinburg-Mission,Hidalgo County,562,,,,,,,,,,,,,,,,,,,,,,,,,,,,,,,,,,,,,,,,,,,,,,,,,,,,,,,,,,,,,,,,,,,,,,,,,,,,,,,,,,,,1550,1650,1650,1500,1525,1300,1412.5,1500,1439,1339,1250,1275,1300,1350,1350,1350,1400,1475,1600,1562.5,1500,1500,1500,1450,1450,1450,1500,1400,1500,1550,1550,1500,1425,1400,1450,1497.5,1497.5
564,Richmond,TX,Houston-The Woodlands-Sugar Land,Fort Bend County,565,,,,,,,,,,,,,,,1650,1600,1725,1695,1625,1625,1550,1500,1490,1550,1600,1600,1600,1600,1600,1700,1600,1600,1600,1450,1450,1450,1500,1375,1550,1597.5,1587.5,1600,1695,1650,1600,1675,1650,1700,1600,1525,1550,1685,1795,1795,1737.5,1795,1800,1795,1800,1825,1850,1800,1800,1850,1885,1800,1800,1800,1795,1750,1797.5,1800,1800,1800,1800,1849.5,1800,1800,1795,1800,1749,1799,1675,1712.5,1795,1800,1795,1750,1795,1800,1800,1800,1825,1800,1872.5,1800,1795,1750,1795,1795,1795,1800,1835,1800,1800,1800,1800,1800,1800,1825,1800,1800,1800,1800,1800,1800,1850,1800,1850,1800
570,Tomball,TX,Houston-The Woodlands-Sugar Land,Harris County,571,,,,,,,,,,,,,,,,,,,,,,,,,,,,,,,,,,,,,,,,,,,,,,,,,,,1500,1500,1575,1534.5,1500,1550,1625,1575,1600,1599,1550,1599,1567,1600,1600,1600,1650,1600,1600,1600,1595,1600,1592.5,1595,1650,1562.5,1687.5,1595,1600,1600,1550,1600,1597,1500,1550,1500,1550,1595,1595,1595,1600,1599.5,1600,1595,1595,1650,1650,1625,1625,1650,1650,1677.5,1695,1650,1627.5,1650,1650,1650,1650,1650,1650,1650,1675,1650,1650,1650,1650,1627.5,1650,1650
588,Temple,TX,Killeen-Temple,Bell County,589,,,,,,,,,,,,,,,,,,,,,,,,,,,,,,,,,,,,,995,950,895,895,895,897.5,950,990,992.5,960,950,937.5,900,950,995,997.5,1000,995,995,997.5,1000,997.5,997.5,1050,1100,1062.5,1095,1195,1195,1150,1000,1100,1095,1100,1050,1095,1100,1100,1100,1125,1100,1150,1050,1050,995,1095,1150,1095,1100,1150,1150,1175,1195,1200,1150,1125,1100,1100,1095,1050,1072.5,1177.5,1195,1250,1200,1250,1222.5,1200,1225,1250,1195,1175,1125,1195,1250,1350,1295,1300,1300,1245,1250,1250,1200,1200
599,Atascocita,TX,Houston-The Woodlands-Sugar Land,Harris County,600,,,,,,,,,,,,,,,,,,,,,,,,,,,,,,,,,,,,,,,,,,,1380,1385,1350,1400,1437.5,1450,1450,1450,1419,1450,1500,1500,1500,1600,1550,1500,1563,1550,1550,1522.5,1550,1595,1609.5,1600,1597.5,1625,1650,1600,1625,1600,1600,1650,1658.5,1650,1650,1689,1600,1649.5,1625,1595,1650,1550,1575,1569,1580,1600,1600,1650,1600,1625,1650,1650,1650,1650,1650,1670,1650,1685,1695,1695,1695,1695,1647.5,1600,1595,1590,1575,1600,1600,1650,1650,1675,1675,1645,1600,1599,1575,1625
614,Baytown,TX,Houston-The Woodlands-Sugar Land,Harris County,615,,,,,,,,,,,,,,,,,,,,,,,,,,,,,,,,,,,,,,,,,,,,,,,,,,,,,,,,,,,,,,,,,,,,,,,,,,,,,,,,,,,,,1325,1350,1350,1350,1376.5,1400,1400,1400,1396.5,1400,1450,1400,1400,1350,1375,1415,1400,1450,1425,1407.5,1425,1375,1395,1385,1362.5,1400,1440,1400,1465,1415,1495,1442,1375,1394.5,1400,1400
622,San Marcos,TX,Austin-Round Rock,Hays County,623,,,,,,,,,,,,,,,,,,,,,,,,,,,,,,,,,,,,,,,,,,,,,,,,,,,,,,,,,,,,,,,,,,,,,,,,,,,,,,,,,,,1300,1300,1350,1400,1450,1380,1472.5,1500,1450,1400,1375,1300,1350,1350,1350,1287.5,1400,1450,1485,1450,1450,1425,1449,1449,1499,1460,1399,1400,1400,1374.5,1450,1475,1450,1395,1350,1395,1450,1450
634,Flower Mound,TX,Dallas-Fort Worth-Arlington,Denton County,635,,,,,,,,,,,,,,,1600,1800,1950,1875,1950,1887.5,1900,1650,1800,2000,1900,1899,1850,1876.5,1995,1795,1895,1922.5,1874,1750,1800,1800,1850,1850,1772.5,1807.5,1750,1795,1837.5,1800,1700,1700,1750,1700,1700,1700,1750,1795,1800,1900,1997.5,1962.5,1899.5,1819.5,1850,1850,1800,1900,1850,1897.5,1850,1980,2025,1895,1850,1839,1879,1887,1839,1850,1900,1985,1912.5,1950,1872.5,1990,1850,1850,1992.5,2050,1887,1907.5,1950,1997.5,1997.5,2125,2200,2137.5,2100,2050,1985,1950,1962.5,1942.5,2000,2150,2200,2175,2195,2150,2100,2122.5,2100,2100,2100,2012.5,2195,2200,2195,2275,2391.5,2295,2200,2100,2037.5,2050
676,Cedar Park,TX,Austin-Round Rock,Williamson County,677,,,,,,,,,,,,,1395,1400,1400,1400,1450,1550,1465,1435,1495,1450,1375,1462.5,1495,1495,1595,1595,1595,1600,1475,1550,1625,1550,1547.5,1495,1290,1400,1270,1455,1480,1497,1450,1320,1427.5,1465,1500,1500,1500,1575,1595,1600,1595,1675,1650,1650,1572.5,1585,1600,1625,1695,1700,1675,1700,1750,1750,1695,1700,1672.5,1650,1675,1724.5,1700,1695,1749,1695,1697,1750,1695,1650,1597,1595,1600,1550,1625,1695,1695,1700,1695,1747,1695,1750,1700,1650,1695,1695,1695,1695,1700,1749.5,1745,1750,1750,1695,1695,1695,1747.5,1695,1750,1750,1750,1750,1795,1825,1795,1795,1750,1750,1750,1750
702,North Richland Hills,TX,Dallas-Fort Worth-Arlington,Tarrant County,703,,,,,,,,,,,,,,,,,,,,1190,1150,1199,1199,1187.5,1137.5,1250,1150,1135,1200,1295,1100,1100,1100,1100,1150,1197.5,1125,1100,1095,1095,1125,1250,1357.5,1295,1105,1150,1249,1225,1197,1195,1195,1195,1300,1297.5,1300,1350,1395,1395,1412.5,1350,1397,1400,1312.5,1350,1462.5,1450,1400,1372.5,1495,1325,1325,1385,1385,1400,1375,1350,1275,1350,1325,1450,1365,1437.5,1425,1295,1425,1400,1462.5,1435,1450,1495,1575,1500,1495,1500,1500,1500,1550,1550,1500,1500,1500,1550,1550,1575,1525,1550,1550,1575,1550,1500,1495,1547,1595,1650,1600,1637.5,1597.5,1575,1600,1600
730,Huntsville,TX,Huntsville,Walker County,731,,,,,,,,,,,,,,,,,,,,,,,,,,,,,,,,,,,,,,,,,,,,,,,,,,,,,,,,,,,,,,,,,,,,,,,,,,,,,,,,,,,,,,,,,,,,,,,,,1125,1150,1100,1100,1100,1175,1085,1092.5,1100,1000,1000,1100,1200,1200,1250,1200,1200,1200,1200,1200,1195,1100,1100,1100
735,Mansfield,TX,Dallas-Fort Worth-Arlington,Tarrant County,736,,,,,,,,,,,,,,1650,1600,1595,1610,1600,1525,1597.5,1550,1550,1495,1495,1500,1495,1435,1412.5,1450,1500,1600,1495,1550,1550,1495,1500,1550,1497.5,1495,1595,1550,1562.5,1550,1500,1495,1500,1495,1495,1500,1525,1500,1500,1525,1550,1597.5,1595,1634,1600,1597.5,1600,1575,1575,1637.5,1699,1650,1625,1697.5,1689,1692,1695,1695,1600,1595,1600,1695,1632.5,1695,1600,1730,1672.5,1650,1650,1650,1695,1762,1812.5,1885,1795,1795,1750,1800,1750,1750,1700,1695,1745,1745,1732.5,1750,1800,1850,1795,1850,1810,1795,1750,1800,1795,1750,1795,1865,1825,1795,1850,1850,1950,1995,1895,1875,1850
751,Harlingen,TX,Brownsville-Harlingen,Cameron County,752,,,,,,,,,,,,,,,,,,,,,,,,,,,,,,,,,,,,,,,,,,,,,,,,,,,,,,,,,,,,,,,,,,,,,,,,,,,,,,,,,,,,,1050,950,950,850,975,975,975,1075,1000,1000,975,1100,1050,1025,925,997.5,995,972.5,995,937.5,1050,1025,972.5,975,997.5,950,1025,1125,1150,1087.5,1097.5,995,1000,1000,947.5,900
850,Euless,TX,Dallas-Fort Worth-Arlington,Tarrant County,851,,,,,,,,,,,,,,,,,,,,,,,,,,,,,,,,,,,,,,,,,,,,,,1285,1275,1300,1237.5,1200,1225,1275,1275,1300,1275,1250,1350,1350,1350,1300,1300,1427.5,1400,1400,1472.5,1402.5,1400,1375,1385,1500,1400,1450,1372.5,1325,1395,1275,1295,1450,1550,1325,1300,1300,1325,1395,1300,1437.5,1500,1495,1595,1595,1550,1645,1650,1525,1450,1395,1400,1500,1550,1575,1650,1650,1700,1650,1600,1622.5,1600,1600,1572.5,1600,1675,1595,1575,1700,1695,1750,1595,1650,1600,1595
877,Desoto,TX,Dallas-Fort Worth-Arlington,Dallas County,878,,,,,,,,,,,,,,,,,,1197,1200,1295,1200,1195,1200,1200,1295,1250,1250,1200,1225,1295,1250,1250,1250,1225,1250,1250,1250,1250,1250,1250,1275,1275,1250,1250,1295,1295,1250,1250,1260,1250,1295,1297.5,1295,1275,1295,1295,1295,1375,1325,1295,1295,1300,1325,1395,1345,1350,1345,1345,1297.5,1285,1275,1322.5,1395,1395,1375,1345,1350,1397.5,1410,1362.5,1325,1395,1395,1300,1375,1395,1450,1500,1454,1422.5,1385,1467.5,1450,1485,1499,1475,1495,1495,1499.5,1445,1497.5,1495,1549.5,1550,1499,1495,1495,1467.5,1550,1595,1550,1567.5,1599,1599,1599,1599,1595,1675,1650,1635
929,Grapevine,TX,Dallas-Fort Worth-Arlington,Tarrant County,930,,,,,,,,,,,,,,,,,,,,,,,,,,,,,,,,,,,,,,,,,,,1700,1600,1695,1737.5,1800,1800,1795,1772.5,1795,1750,1737.5,1750,1800,1850,1995,1962.5,2025,1995,1950,2000,1995,2047.5,2125,2197.5,2100,2000,1950,1900,1887.5,1800,1800,1895,2085,1950,2100,2097.5,1925,2000,1812.5,2100,1997.5,1960,1900,1995,1947.5,1900,2000,2195,2175,2197.5,2025,1900,1912.5,2100,2187.5,2175,2100,2200,2200,2300,2292.5,2100,2295,2295,2200,2200,2325,2250,2187.5,2200,2295,2200,2212.5,2297.5,2097.5,1995,2100,2100
934,Waxahachie,TX,Dallas-Fort Worth-Arlington,Ellis County,935,,,,,,,,,,,,,,,,,,,,,,,,,,,,,,,,,,,,,,,,,,,,,,,,,,,,,,,,,,,,,,,,,,,,,,,,,,,,,,,,,,,,,1372.5,1350,1400,1425,1437.5,1512.5,1447.5,1570,1550,1445,1495,1450,1525,1550,1522.5,1500,1595,1650,1650,1650,1600,1595,1637.5,1650,1650,1600,1595,1475,1695,1597.5,1695,1662.5,1637,1650,1650,1695
936,Little Elm,TX,Dallas-Fort Worth-Arlington,Denton County,937,,,,,,,,,,,,,,1300,1395,1350,1350,1350,1350,1337.5,1350,1325,1300,1350,1350,1395,1425,1395,1450,1450,1450,1475,1495,1495,1495,1495,1397.5,1395,1525,1500,1495,1499.5,1500,1499,1495,1495,1500,1495,1500,1500,1500,1500,1575,1550,1575,1575,1595,1595,1600,1595,1650,1595,1595,1595,1650,1650,1675,1700,1695,1662.5,1647.5,1650,1650,1650,1650,1650,1695,1695,1695,1695,1672.5,1700,1625,1695,1650,1695,1700,1775,1795,1795,1799,1795,1787.5,1725,1750,1737.5,1750,1790,1775,1850,1850,1795,1795,1800,1795,1750,1750,1750,1772.5,1800,1799,1845,1895,1850,1847.5,1850,1847.5,1850,1825,1810
951,Cedar Hill,TX,Dallas-Fort Worth-Arlington,Dallas County,952,,,,,,,,,,,,,,1200,1250,1200,1250,1310,1300,1250,1237.5,1250,1295,1295,1295,1225,1225,1195,1250,1300,1297.5,1250,1200,1199,1199,1267.5,1311.5,1297.5,1295,1295,1295,1295,1295,1295,1295,1295,1295,1250,1250,1250,1250,1250,1295,1295,1300,1300,1350,1300,1295,1300,1300,1295,1280,1300,1395,1350,1362.5,1345,1300,1317,1300,1300,1337.5,1400,1425,1350,1412.5,1410,1362.5,1397.5,1495,1395,1400,1372.5,1395,1450,1495,1495,1495,1500,1495,1450,1500,1497.5,1497.5,1522.5,1535,1575,1595,1550,1575,1595,1635,1595,1550,1595,1549.5,1540,1515,1550,1640,1695,1699.5,1725,1700,1675,1700,1682.5,1690,1695
957,Galveston,TX,Houston-The Woodlands-Sugar Land,Galveston County,958,,,,,,,,,,,,,,,,,,,,,,,,,,,,,,,,,,,,,,,,,,,,,,,,,,,,,,,1199.5,1250,1172.5,1262.5,1382.5,1312.5,1300,1250,1199.5,1312.5,1400,1350,1275,1250,1337.5,1325,1250,1400,1400,1325,1387.5,1400,1475,1399,1500,1397.5,1375,1325,1450,1397.5,1354,1298,1300,1400,1400,1422,1400,1400,1450,1500,1280,1300,1350,1400,1350,1350,1400,1465,1450,1475,1500,1461,1400,1449,1450,1500,1500,1446,1400,1432.5,1452,1402,1422,1400,1350,1395
960,Bedford,TX,Dallas-Fort Worth-Arlington,Tarrant County,961,,,,,,,,,,,,,,,,,,,,,,,,,,,,,,,,,,,,,,,,,,,,,,,,,,,,,,,,,,,,,,,,,,,,,,,,,,,,,,,,,,,,,1600,1599,1600,1697.5,1700,1700,1675,1650,1625,1650,1675,1672.5,1650,1662.5,1697.5,1697.5,1695,1725,1750,1700,1700,1695,1650,1650,1672.5,1650,1762.5,1775,1790,1790,1762.5,1750,1750,1750,1750,1750
973,Rowlett,TX,Dallas-Fort Worth-Arlington,Dallas County,974,,,,,,,,,,,,,,,,,,,,,,,,,,,,,,,,,,,,,,,,,,,,,,,,,,,,,,,,,,,,,,,,,,,,,,,,,,,,1500,1600,1567,1695,1600,1600,1575,1600,1575,1650,1650,1675,1650,1600,1695,1715,1725,1697,1695,1667.5,1690,1650,1700,1682.5,1750,1722.5,1695,1697.5,1744.5,1707.5,1724,1724,1747.5,1740,1695,1695,1725,1795,1760,1750,1750,1790,1790,1795,1755
991,Sherman,TX,Sherman-Denison,Grayson County,992,,,,,,,,,,,,,,,,,,,,,,,,,,,,,,,,,,,,,,,,,,,,,,,,,,,,,,,,,,,,,,,,,,,,,,,,,,,,,,,,,,,,,,,,,,,,,,,,,,,,,,1350,1295,1275,1250,1250,1250,1295,1285,1250,1285,1300,1397.5,1350,1350,1300,1300,1275,1300,1275
997,Wylie,TX,Dallas-Fort Worth-Arlington,Collin County,998,,,,,,,,,,,,,,,,,,1400,1495,1437.5,1395,1400,1399,1350,1300,1450,1362.5,1300,1450,1500,1450,1450,1395,1375,1350,1397.5,1425,1495,1495,1450,1399.5,1450,1450,1405,1450,1495,1450,1400,1450,1495,1495,1500,1495,1500,1500,1500,1475,1500,1562.5,1550,1485,1450,1499,1550,1550,1500,1500,1562.5,1597.5,1550,1500,1550,1550,1550,1500,1550,1500,1597.5,1597.5,1595,1649,1550,1595,1596.5,1639,1682.5,1700,1695,1672.5,1695,1712.5,1700,1700,1699.5,1699.5,1650,1625,1680,1700,1700,1695,1695,1695,1700,1685,1650,1700,1700,1750,1750,1750,1750,1800,1795,1777,1750,1750,1750,1750,1750
1001,Granbury,TX,Dallas-Fort Worth-Arlington,Hood County,1002,,,,,,,,,,,,,,,,,,1250,1150,1125,1100,1100,1100,1100,1150,1100,1200,1150,1200,1250,1200,1200,1150,1150,1000,1012.5,1100,1000,1175,1175,1350,1300,1297.5,1200,1200,1200,1200,1100,1150,1200,1200,1200,1200,1200,1225,1200,1200,1300,1300,1300,1300,1287.5,1312.5,1350,1300,1275,1200,1200,1200,1225,1300,1325,1300,1350,1400,1300,1325,1400,1262.5,1350,1200,1200,1250,1172.5,1350,1400,1372.5,1400,1400,1400,1350,1300,1400,1350,1300,1337.5,1350,1395,1397.5,1400,1350,1400,1450,1397.5,1350,1325,1400,1367.5,1395,1400,1395,1400,1487.5,1400,1450,1572.5,1450,1400,1400,1412.5
1006,Katy,TX,Houston-The Woodlands-Sugar Land,Harris County,1007,,,,,,,,,,,,,,,,,,,,,,,,,,,,,,,,,,,,,,,,,,,,,,,,,,1475,1475,1537.5,1699.5,1700,1750,1750,1800,1800,1775,1800,1800,1700,1900,1950,1900,1850,1700,1750,1900,1900,1895,1800,1850,1900,1950,1987.5,1787.5,1825,1690,1900,1700,1712.5,1695,1647,1685,1725,1800,1850,1850,1850,1850,1800,1900,1925,1872.5,1683,1700,1675,1700,1700,1760,1825,1825,1800,1787.5,1825,1825,1737.5,1750,1750,1750,1750,1800,1750,1725,1750,1750,1700,1725,1725
1011,Seguin,TX,San Antonio-New Braunfels,Guadalupe County,1012,,,,,,,,,,,,,,,,,,,,,,,,,,,,,,,,,,,,,,,,,,,,,,,,,,,,,,,,,,,,,,,,,,,,,,,,,,,,,,,,,,,,,,,,,,,,,,,,1495,1462.5,1375,1200,1335,1500,1495,1550,1562.5,1400,1400,1375,1400,1415,1400,1422.5,1495,1475,1400,1400,1400,1312.5,1397.5,1350,1387.5
1059,Texas City,TX,Houston-The Woodlands-Sugar Land,Galveston County,1060,,,,,,,,,,,,,,,,,,,,,,,,,,,,,,,,,,,,,,,,,,,,,,,,,,,,,,,,,,,,,,,,,,,,,,,,,,,,,,,,,,,,,1220,1125,1200,1250,1200,1195,1212.5,1250,1250,1200,1250,1225,1265,1340,1260,1250,1385,1280,1312.5,1297.5,1250,1250,1250,1299,1300,1325,1300,1300,1300,1297.5,1300,1250,1300,1300,1299,1295
1070,Keller,TX,Dallas-Fort Worth-Arlington,Tarrant County,1071,,,,,,,,,,,,,,,,,,,,,,,,,,,,,,,,,,,,,,,,,,,,,,,,,,,,,,,,,,,,,,,,,,,,,,,,,,,,,,,,2000,2300,2150,2000,2200,2200,2000,2250,2400,2200,2200,2300,2290,2147.5,1850,2000,2200,2195,2300,2300,2165,2300,2400,2625,2595,2400,2350,2085,2200,2200,2310,2300,2500,2597.5,2450,2400,2325,2200,1995,2000,2000
1071,Coppell,TX,Dallas-Fort Worth-Arlington,Dallas County,1072,,,,,,,,,,,,,,,,,,,,,,,,1695,1695,1695,1680,1750,1750,1700,1750,1725,1675,1685,1895,1825,1750,1750,1750,1800,1825,1795,1795,1705,1695,1705,1650,1737.5,1737.5,1750,1750,1795,1988,1988,1897.5,1900,1889,1889,1889,1848,1772.5,1800,1800,1900,1862.5,1957.5,1925,1950,1850,1750.5,1897.5,1874,1892.5,1900,1795,2095,1895,1900,2000,2100,2000,2067,1995,1897.5,1995,2000,1995,2025,2097.5,2050,2050,2162.5,2200,2125,2100,2000,2000,1990,2100,2150,2050,2050,2094.5,2100,2200,2050,2100,2100,1997.5,2065,1950,1997.5,2145,2145,2150,2195,2195,2150,2055,2000
1088,The Colony,TX,Dallas-Fort Worth-Arlington,Denton County,1089,,,,,,,,,,,,,,1250,1250,1262.5,1250,1295,1367.5,1300,1350,1350,1317.5,1200,1222.5,1262.5,1250,1250,1395,1400,1290,1225,1272.5,1295,1350,1350,1295,1300,1295,1275,1325,1380,1450,1450,1400,1390,1400,1397.5,1350,1350,1350,1350,1450,1495,1495,1450,1475,1450,1495,1545,1525,1550,1550,1550,1600,1595,1595,1595,1597.5,1675,1695,1650,1600,1595,1600,1595,1572.5,1595,1697.5,1672.5,1650,1650,1650,1600,1675,1695,1700,1750,1650,1695,1650,1695,1700,1695,1695,1695,1650,1700,1750,1737.5,1800,1750,1750,1745,1712.5,1700,1700,1695,1695,1700,1737.5,1750,1750,1750,1782.5,1750,1775,1750,1750,1795
1095,Lancaster,TX,Dallas-Fort Worth-Arlington,Dallas County,1096,,,,,,,,,,,,,,,,,,,1095,1150,1150,1150,1150,1150,1150,1172.5,1062.5,1099,1050,1085,1150,1175,1150,1135,1095,1097.5,1164,1197.5,1200,1200,1175,1185,1200,1197.5,1200,1272.5,1250,1200,1225,1200,1200,1200,1250,1225,1197.5,1200,1200,1207.5,1230,1250,1250,1250,1295,1295,1295,1300,1300,1275,1289,1295,1265,1295,1345,1375,1400,1357.5,1400,1325,1335,1397,1295,1395,1395,1410,1400,1400,1405,1440,1425,1460,1425,1450,1450,1450,1425,1440,1412.5,1397.5,1450,1459,1500,1500,1550,1525,1547,1549.5,1520,1500,1507.5,1500,1500,1550,1590,1547.5,1550,1572.5,1550,1600,1649,1665
1113,Burleson,TX,Dallas-Fort Worth-Arlington,Johnson County,1114,,,,,,,,,,,,,,,,,,,,,,,,,,,,,,,1350,1295,1300,1250,1200,1200,1150,1197.5,1200,1225,1250,1250,1262.5,1200,1250,1250,1250,1300,1300,1300,1300,1300,1350,1350,1350,1350,1350,1312.5,1350,1325,1325,1350,1395,1395,1385,1395,1437.5,1495,1412.5,1450,1375,1350,1312.5,1375,1395,1395,1397.5,1457,1380,1475,1354.5,1472.5,1375,1400,1400,1485,1495,1500,1595,1550,1550,1512.5,1507.5,1547.5,1550,1520,1542.5,1550,1595,1597.5,1575,1635,1640,1595,1550,1595,1575,1550,1595,1595,1699,1650,1650,1699,1695,1627.5,1597.5,1550,1512.5,1550
1117,Belton,TX,Killeen-Temple,Bell County,1118,,,,,,,,,,,,,,,,,,,,,,,,,,,,,,,,,,,,,,,,,,,,,,,,,,,,,,,,,,,,,,,,,,,,,,,,,,,,,,,,,,,,,1275,1275,1350,1322.5,1400,1395,1297.5,1337.5,1300,1237.5,1200,1250,1200,1250,1295,1395,1350,1350,1385,1385,1325,1257.5,1295,1250,1250,1285,1395,1400,1425,1400,1395,1485,1425,1395,1350,1395
1119,Montgomery,TX,Houston-The Woodlands-Sugar Land,Montgomery County,1120,,,,,,,,,,,,,,,,,,,,,,,,,,,,,,,,,,,,1600,1500,1350,1475,1500,1350,1450,1275,1285,1167.5,1297.5,1312.5,1325,1400,1400,1400,1495,1500,1550,1550,1550,1550,1600,1600,1537.5,1575,1572,1522,1595,1525,1525,1595,1575,1500,1495,1550,1550,1500,1525,1575,1650,1600,1550,1500,1450,1595,1510,1495,1385,1550,1562.5,1500,1550,1600,1597.5,1595,1600,1577.5,1550,1580,1599,1550,1525,1550,1512.5,1600,1675,1650,1625,1600,1600,1600,1550,1595,1595,1595,1600,1600,1599.5,1600,1600,1695,1635,1585,1600
1133,Duncanville,TX,Dallas-Fort Worth-Arlington,Dallas County,1134,,,,,,,,,,,,,,,,,,,,,,,,,,,,,,,,,,,,,,,,,,,,,,,,,,,,,,,,,,,,,,,,,,,,,,,,,,,,,,,,,,,,,,,1350,1300,1300,1282.5,1350,1350,1300,1300,1312.5,1325,1350,1395,1395,1395,1395,1385,1350,1350,1400,1400,1400,1412.5,1400,1399,1350,1445,1375,1375,1395,1499,1515,1500,1482.5,1495
1145,Boerne,TX,San Antonio-New Braunfels,Kendall County,1146,,,,,,,,,,,,,,,,1395,1600,1575,1495,1597.5,1595,1462.5,1450,1500,1525,1600,1500,1525,1695,1600,1772.5,1725,1850,1579.5,1662.5,1637.5,1587.5,1485,1497.5,1500,1500,1600,1595,1637.5,1550,1500,1500,1525,1550,1512.5,1575,1595,1700,1687.5,1750,1650,1595,1650,1650,1595,1795,1797.5,1800,1825,1747.5,1700,1800,1800,1800,1725,1797.5,1850,1837.5,1775,1797.5,1800,1850,1625,1900,1850,1572.5,1600,1775,1795,1785,1797.5,1800,1800,1795,1850,1800,1800,1725,1750,1797.5,1800,1800,1800,1800,1750,1762.5,1800,1800,1800,1797.5,1800,1750,1797.5,1800,1905,1905,1835,1850,1850,1850,1900,1937.5,1875,1900,1975
1146,Hurst,TX,Dallas-Fort Worth-Arlington,Tarrant County,1147,,,,,,,,,,,,,,,,,,,,,,,,,,,,,,,,,,,,,,,,,,,,,,,,,,,,,,,,,,,,,,,,,,,,,,,,,,,,,,,,,,,,,,,,,,,,,,,1575,1500,1500,1550,1600,1495,1450,1625,1572.5,1600,1625,1650,1600,1600,1600,1562.5,1600,1600,1750,1645,1600,1637.5,1810,1650,1747,1800
1154,Friendswood,TX,Houston-The Woodlands-Sugar Land,Galveston County,1155,,,,,,,,,,,,,,,,,,,,,,,,,,,,,,,,,,,,,,,,,,,,,,,,,,,,,,,,,,,,,,,,,,,,,,,,,,,,,,,,,,,1600,1575,1500,1600,1800,1800,1762.5,1700,1610,1600,1600,1537.5,1597.5,1650,1650,1600,1675,1595,1600,1650,1725,1695,1675,1595,1600,1625,1700,1700,1712.5,1750,1750,1695,1677.5,1650,1695,1697.5,1695,1697.5
1159,Copperas Cove,TX,Killeen-Temple,Coryell County,1160,,,,,,,,,,,,,,,,,,,850,812.5,850,850,850,937.5,995,985,950,905,935,995,1085,950,950,920,1000,950,950,795,825,875,900,900,895,875,850,850,850,875,875,875,895,895,915,925,925,900,875,875,895,895,875,895,900,927.5,900,887.5,900,895,895,850,850,825,825,850,850,900,850,895,875,945,875,925,885,950,895,880,895,895,925,925,925,925,965,925,895,895,897,895,875,900,900,900,875,875,912.5,900,900,895,895,895,935,995,922.5,925,1025,975,950,950,925,900
1162,Converse,TX,San Antonio-New Braunfels,Bexar County,1163,,,,,,,,,,,,,,1075,1100,1100,1150,1150,1125,1100,1100,1050,1050,1100,1095,1095,1095,1075,1097.5,1195,1195,1150,1100,1100,1175,1135,1080,1150,1195,1199,1150,1150,1195,1195,1150,1175,1195,1195,1195,1175,1195,1195,1200,1250,1250,1250,1195,1195,1200,1200,1200,1225,1247.5,1245,1250,1250,1250,1300,1250,1200,1250,1225,1200,1217.5,1250,1285,1250,1295,1259,1350,1285,1295,1275,1237.5,1295,1295,1300,1300,1300,1325,1350,1350,1300,1325,1295,1295,1300,1300,1322.5,1350,1350,1350,1375,1395,1395,1392.5,1370,1375,1395,1395,1400,1425,1400,1407.5,1400,1400,1400,1399,1400,1395
1187,Rockwall,TX,Dallas-Fort Worth-Arlington,Rockwall County,1188,,,,,,,,,,,,,,,,,,,1450,1395,1395,1395,1372.5,1395,1497,1525,1500,1525,1550,1595,1595,1550,1595,1600,1637.5,1500,1550,1595,1550,1495,1550,1595.5,1595,1595,1500,1595,1550,1495,1495,1550,1500,1525,1600,1512.5,1595,1550,1700,1685,1685,1625,1597.5,1650,1650,1650,1695,1695,1749.5,1687.5,1697,1695,1675,1775,1775,1662.5,1662.5,1750,1795,1895,1795,1800,1810,1695,1890,1750,1770,1850,1800,1882.5,1800,1800,1850,1835,1850,1795,1795,1800,1800,1800,1795,1897.5,1850,1850,1825,1825,1750,1750,1750,1737.5,1795,1793,1750,1750,1750,1850,1895,1850,1867.5,1825,1800,1800
1198,Greenville,TX,Dallas-Fort Worth-Arlington,Hunt County,1199,,,,,,,,,,,,,,,,,,,,,,,,,,,,,,,,,,,,,,,,,,,,,,,,,,,,,,,,,,,,,,,,,,,,,,,,,,,,,,,,,,,,,,,,,,,,,,,,,,,,,,,,,1200,1100,1000,975,1150,1150,1150,1250,1150,1197.5,1150,1300,1250,1250,1285,1250
1210,Leander,TX,Austin-Round Rock,Williamson County,1211,,,,,,,,,,,,,,,,,,,,,,,,,,,1347.5,1295,1275,1372.5,1295,1297.5,1295,1295,1250,1250,1375,1395,1395,1447.5,1350,1425,1385,1350,1395,1395,1397,1385,1395,1350,1350,1382.5,1450,1400,1395,1450,1450,1445,1395,1425,1425,1425,1495,1495,1550,1565,1500,1535,1495,1550,1515,1495,1500,1550,1600,1650,1495,1595,1600,1572.5,1500,1550,1495,1500,1547.5,1600,1600,1600,1695,1650,1650,1600,1612.5,1650,1675,1687.5,1650,1650,1650,1675,1700,1700,1750,1745,1695,1662.5,1750,1750,1725,1750,1795,1800,1800,1795,1750,1750,1750,1795,1750,1750
1248,Farmers Branch,TX,Dallas-Fort Worth-Arlington,Dallas County,1249,,,,,,,,,,,,,,,,,,,,,,,,,,,,,,,,,,,,,,,,,,,,,,,,,,,,,,,,,,,,,,,,,,,,,,,,,,,,,,,,,,,,,,,,,,,,,,,,,,,,,,,,,,,1750,1750,1700,1700,1697.5,1700,1725,1862.5,1862.5,1800,1787.5,1695,1595,1800
1256,La Porte,TX,Houston-The Woodlands-Sugar Land,Harris County,1257,,,,,,,,,,,,,,,,,,,,,,,,,,,,,,,,,,,,,,,,,,,,,,,,,,,,,,,,,,,,,,,,,,,,,,,,,,,,,,,,,,,,,,,,,,,,,,,,,,,,,1595,1537.5,1495,1497.5,1495,1495,1500,1500,1495,1450,1499,1500,1495,1572.5,1500,1500,1535,1495,1495,1495
1278,Cibolo,TX,San Antonio-New Braunfels,Guadalupe County,1279,,,,,,,,,,,,,,,1272.5,1295,1395,1350,1350,1350,1350,1367.5,1400,1350,1350,1350,1395,1400,1485,1495,1450,1400,1400,1395,1400,1400,1395,1395,1395,1450,1450,1472.5,1450,1450,1425,1400,1450,1400,1450,1450,1450,1450,1500,1500,1495,1485,1450,1495,1475,1450,1500,1525,1550,1525,1550,1500,1535,1550,1495,1495,1495,1500,1500,1500,1550,1500,1545,1600,1595,1550,1550,1550,1600,1500,1500,1512.5,1575,1545,1625,1600,1595,1595,1550,1550,1525,1500,1525,1500,1572.5,1572.5,1595,1600,1622.5,1600,1595,1575,1575,1550,1550,1575,1595,1650,1695,1700,1650,1600,1600,1600,1625,1600
1279,Terrell,TX,Dallas-Fort Worth-Arlington,Kaufman County,1280,,,,,,,,,,,,,,,,,,,,,,,,,,,,,,,,,,,,,,,,,,,,,,,,,,,,,,,,,,,,,,,,,,,,,,,,,,,,,,,,,,,,,,,,,,,,,,,,,,,,,1100,1150,1150,1250,1222.5,1195,1195,1100,1222.5,1125,1037.5,1050,1072.5,1250,1367.5,1200,1250,1350,1295,1150
1281,Porter,TX,Houston-The Woodlands-Sugar Land,Montgomery County,1282,,,,,,,,,,,,,,,,,,,,,,,,,,,,,,,,,,,,,,,,,,,,,,,,,,,,,,,,,,,,,,,,,,,,,,,,,,,,,,,,,,,,,,,,,,,,,,,,,,,,1700,1600,1800,1700,1662.5,1672.5,1700,1700,1750,1700,1695,1850,1795,1725,1800,1695,1725,1725,1725,1725,1600
1294,Kyle,TX,Austin-Round Rock,Hays County,1295,,,,,,,,,,,,,1150,1150,1150,1175,1200,1195,1225,1200,1195,1150,1175,1195,1200,1175,1195,1200,1250,1250,1285,1250,1250,1212.5,1200,1250,1250,1197.5,1200,1200,1237.5,1290,1275,1295,1295,1275,1275,1275,1285,1295,1300,1325,1300,1325,1350,1395,1350,1335,1350,1350,1350,1400,1400,1400,1400,1425,1412.5,1450,1425,1400,1412.5,1400,1425,1495,1450,1450,1450,1475,1495,1500,1450,1450,1462.5,1450,1475,1495,1500,1495,1500,1525,1525,1500,1500,1500,1531,1500,1500,1500,1499.5,1550,1550,1550,1595,1575,1550,1549,1500,1550,1575,1550,1597.5,1595,1600,1635,1650,1650,1650,1600,1575,1550
1297,Midlothian,TX,Dallas-Fort Worth-Arlington,Ellis County,1298,,,,,,,,,,,,,,,,,,,,,,,,,,,,,,,,,,,,,,,,,,,,,,,,,,,,,,,,,,,,,,,,,,,,,,,,,,,,,,,,,,,,,,1550,1545,1545,1595,1685,1585,1500,1625,1600,1695,1672.5,1650,1695,1695,1695,1695,1695,1695,1695,1595,1550,1525,1550,1675,1695,1695,1695,1695,1750,1895,1785,1695,1695,1750,1750
1303,Southlake,TX,Dallas-Fort Worth-Arlington,Tarrant County,1304,,,,,,,,,,,,,,,,,,,,,,,,,,,,,,,,,,,,,,,,,,,,,,,,,,,,,,,,,,,,,,,,,,,,,,,,,,,,,,,,,,,,,,,,,,,,,,,,,3800,3800,3950,4000,4300,3995,3995,4000,3775,3975,3950,3955,3955,3950,3972.5,4000,3995,4197.5,4000,3997.5,4100,4200,3975,3975
1310,Willis,TX,Houston-The Woodlands-Sugar Land,Montgomery County,1311,,,,,,,,,,,,,,,,,,,,,,,,,,,,,,,,,,,,,,,,,,,,,,,,,,,,,,,,,,,,,,,,,,,,,,,,,,,,,,,,,,,,,1400,1350,1350,1350,1350,1350,1395,1350,1395,1472.5,1500,1472.5,1472.5,1472.5,1450,1450,1387.5,1400,1425,1422.5,1425,1400,1350,1350,1362.5,1475,1475,1475,1500,1500,1500,1500,1500,1500,1500,1460
1314,Rosenberg,TX,Houston-The Woodlands-Sugar Land,Fort Bend County,1315,,,,,,,,,,,,,,,,,,,,,,,,,,,,,,,,,,,,,,,,,,,,,,,,,,,,,,,,,,,,,,,,,,,,,,,,,,,,,,,,,,,,,1450,1485,1587.5,1625,1600,1590,1600,1550,1585,1600,1595,1600,1600,1600,1695,1585,1585,1595,1600,1600,1600,1600,1500,1497.5,1570,1575,1600,1600,1650,1600,1600,1550,1575,1587.5,1599,1600
1316,Schertz,TX,San Antonio-New Braunfels,Guadalupe County,1317,,,,,,,,,,,,,,,,,,,,,,,,,,,,,,,,,,,,,,,,,,,,,,,,,,1350,1295,1295,1395,1350,1395,1395,1395,1350,1495,1450,1395,1395,1395,1350,1395,1425,1422.5,1420,1277.5,1300,1375,1350,1350,1395,1422.5,1395,1395,1397.5,1397.5,1350,1325,1400,1400,1325,1350,1450,1445,1495,1495,1510,1512.5,1550,1450,1462.5,1450,1495,1472.5,1495,1450,1495,1495,1472.5,1495,1495,1575,1595,1500,1495,1495,1595,1600,1595,1575,1592.5,1600,1590,1510,1575,1450,1495
1340,Stephenville,TX,Stephenville,Erath County,1341,,,,,,,,,,,,,,,,,,,,,,,,,,,,,,,,,,,,,,,,,,,,,,,,,,,,,,,,,,,,,,,,,,,,,,,,,,,,,,,,,,,,,,,,,,,,,,,,,,,1025,1100,1200,1100,1100,1100,1100,1100,1175,1200,1175,1200,1175,1200,1125,1132.5,1200,1175,1047.5,1050,1032.5,1197.5
1342,Harker Heights,TX,Killeen-Temple,Bell County,1343,,,,,,,,,,,,,,,,,,,,,,,,,,,,1195,1195,1245,1250,1250,1250,1250,1250,1250,1200,1195,1150,1195,1195,1200,1200,1150,1175,1135,1100,1135,1150,1195,1200,1200,1250,1250,1295,1295,1250,1250,1250,1257.5,1250,1250,1295,1300,1300,1295,1295,1250,1250,1250,1225,1200,1195,1200,1300,1300,1350,1272.5,1350,1295,1125,1150,1250,1250,1250,1275,1300,1350,1350,1300,1300,1350,1275,1250,1255,1195,1195,1200,1350,1350,1350,1350,1300,1295,1297.5,1250,1237.5,1150,1225,1232.5,1300,1300,1397.5,1350,1295,1295,1250,1250,1275,1295
1343,Hutto,TX,Austin-Round Rock,Williamson County,1344,,,,,,,,,,,,,,,,,,,,,,,,,,,,,,,,,,,,,,,,,,,,,,,,,,,,,,,,,,,,,,,,,,,,,,,,,,,,,,,,,,,,1499.5,1475,1500,1512.5,1550,1525,1525,1499.5,1500,1495,1495,1499.5,1500,1547.5,1575,1595,1637.5,1612.5,1600,1625,1595,1595,1595,1600,1650,1597.5,1637.5,1600,1600,1650,1600,1650,1600,1595,1600,1650,1650
1353,Weatherford,TX,Dallas-Fort Worth-Arlington,Parker County,1354,,,,,,,,,,,,,,,,,,,,,,,,,,,,,,,,,,,,,,,,,,,,,,,,,,,,,,,,,,,,,,,,,,,,,,,,,,,,,,,,,,,,,,,,,,,,,,,,,,,,,,,,1440,1450,1450,1475,1495,1495,1300,1395,1450,1595,1575,1595,1497.5,1450,1400,1497.5,1475
1425,University Park,TX,Dallas-Fort Worth-Arlington,Dallas County,1426,,,,,,,,,,,,,,,,,,,,,,,,,,,,,,,,,,,,,,,,,,,,,,,,,,,,3650,3900,3740,3720,3400,3400,3400,3350,3350,3350,3450,3450,3225,3400,3450,3772.5,3625,3800,3900,4425,4312.5,4275,4000,3950,3900,4100,4200,3800,4200,3600,4197.5,3850,3975,4000,3700,3600,3750,3950,3850,3900,3787.5,3800,3800,3900,3800,3900,3500,3950,3800,3800,3750,3850,3700,3300,3475,3600,3600,3550,3500,3650,3800,3950,3825,3900,3625,3500,3500,3600,3650
1431,Saginaw,TX,Dallas-Fort Worth-Arlington,Tarrant County,1432,,,,,,,,,,,,,,,,,,,,,,,,,,,,,,,,,,,,,,,,,,,,,,,,,,,,,,,,,,,,,,,,,,,,,,,,,,,,,,,,,,,,,1399.5,1422.5,1495,1495,1500,1495,1495,1550,1550,1547.5,1537.5,1550,1495,1542.5,1550,1550,1550,1590,1595,1595,1550,1550,1575,1562.5,1550,1595,1599.5,1595,1650,1600,1630,1595,1565,1595,1585,1575
1445,Watauga,TX,Dallas-Fort Worth-Arlington,Tarrant County,1446,,,,,,,,,,,,,,,,,,,,,,,,,,,,,,,,,,,,,,,,,,,,,,,,,,,,,,,,,,,,,,,,,,,,,,,,,,,,,,,1347.5,1300,1350,1300,1300,1300,1392.5,1362.5,1375,1400,1400,1395,1400,1400,1397.5,1385,1395,1395,1397.5,1412.5,1425,1395,1400,1400,1430,1450,1495,1445,1400,1450,1450,1480,1495,1500,1475,1495,1525,1500,1495,1475,1520,1524.5
1457,Alvin,TX,Houston-The Woodlands-Sugar Land,Brazoria County,1458,,,,,,,,,,,,,,,,,,,,,,,,,,,,,,,,,,,,,,,,,,,,,,,,,,,,,,,,,,,,,,,,,,,,,,,,,,,,,,,,,,,,,,,,,,,,,,,,,,,,,,,,,,,,,1225,1250,1325,1150,1200,1075,1225,1250,1150,1150,1150,1150
1459,Benbrook,TX,Dallas-Fort Worth-Arlington,Tarrant County,1460,,,,,,,,,,,,,,,,,,,,,,,,,,,,,,,,,,,,,,,,,,,,,,,,,,,,,,,,,,,,,,,,,,,,,,,,,,,,,,,,,,,,,,1300,1495,1495,1450,1375,1400,1400,1400,1395,1395,1372.5,1425,1400,1425,1450,1495,1495,1495,1522.5,1437.5,1400,1397.5,1450,1450,1495,1497.5,1495,1425,1572.5,1600,1600,1500,1500,1562,1600
1468,Manor,TX,Austin-Round Rock,Travis County,1469,,,,,,,,,,,,,,,,,,,,,,,,,,,,,,,,,,,,,,,,,,,,,,,,,,,,,,,,,,,,,,,,,,,,,,,,,,,,,,,,,,,,,,,,,,,1550,1525,1525,1500,1450,1512.5,1500,1500,1512.5,1525,1512.5,1500,1585,1592.5,1600,1650,1685,1635,1595,1550,1595,1550,1595,1622.5,1600,1572.5,1595,1600,1625,1580
1470,Royse City,TX,Dallas-Fort Worth-Arlington,Rockwall County,1471,,,,,,,,,,,,,,,,,,,,,,,,,,,,,,,,,,,,,,,,,,,,,,,,,,,,,,,,,,,,,,,,,,,,,,,,,,,,,,,,,,,,,,,,,,,,,,,,1550,1595,1550,1612.5,1650,1650,1695,1600,1625,1600,1595,1595,1650,1650,1595,1647,1650,1612.5,1600,1650,1625,1680,1695,1625,1599
1499,Nederland,TX,Beaumont-Port Arthur,Jefferson County,1500,,,,,,,,,,,,,,,,,,,,,,,,,,,,,,,,,,,,,,,,,,,,,,,,,,,,,,,,,,,,,,,,,,,,,,,,,,,,,,,,,,,,,,,,,,,,,,,,,,,,,,1375,1295,1262.5,1225,1250,1247.5,1185,1195,1225,1400,1395,1362.5,1350,1300,1350,1350,1200,1350,1275
1503,Sachse,TX,Dallas-Fort Worth-Arlington,Dallas County,1504,,,,,,,,,,,,,,,,,,,,,,,,,,,,,,,,,,,,,,,,,,,,,,,,,,,,,,,,,,,,,,,,,,,,,,,,,,,,,,,,,,,,,,,,,1750,1797.5,1795,1795,1750,1625,1660,1697.5,1650,1724.5,1795,1725,1660,1682.5,1682.5,1670,1750,1745,1684.5,1700,1800,1795,1747.5,1845,1750,1795,1860,1797,1759,1762.5,1775,1787.5
1507,Universal City,TX,San Antonio-New Braunfels,Bexar County,1508,,,,,,,,,,,,,,,,,,,,,,,,,,,,,,,,,,,,,,,,,,,,,,,,,,,,,,,,,,,,,,,,,,,,,,,,,,,,,,,,,,,,,,,1195,1300,1395,1395,1350,1395,1362.5,1287.5,1250,1350,1350,1350,1375,1395,1395,1395,1300,1300,1325,1350,1300,1350,1350,1450,1450,1397,1425,1300,1347.5,1320,1475,1450,1435,1395
1509,Fresno,TX,Houston-The Woodlands-Sugar Land,Fort Bend County,1510,,,,,,,,,,,,,,,,,,,,,,,,,,,,,,,,,,,,,,,,,,,,,,,,,,,,,,,,,,,,,,,,,,,,,,,,,,,,,,,,,,,,1460,1550,1562.5,1595,1595,1595,1575,1535,1550,1590,1595,1595,1597.5,1550,1550,1650,1650,1650,1622.5,1600,1600,1647,1595,1585,1600,1595,1550,1599,1622.5,1650,1692,1600,1595,1600,1597.5,1595,1597.5
1517,Forney,TX,Dallas-Fort Worth-Arlington,Kaufman County,1518,,,,,,,,,,,,,,,,,,,,,,,,,,,,,,,,,,,,,,,,,,,,,,,,,,,,,,,,,,,,,,,,,,,,,,,,,,,,,,,,,,,,,1590,1650,1676,1695,1695,1695,1677.5,1650,1675,1670,1695,1725,1725,1757.5,1765,1750,1802,1759.5,1762.5,1780,1795,1750,1750,1750,1797.5,1750,1770,1798,1837.5,1850,1795,1795,1795,1775,1749,1725
1534,Manvel,TX,Houston-The Woodlands-Sugar Land,Brazoria County,1535,,,,,,,,,,,,,,,,,,,,,,,,,,,,,,,,,,,,,,,,,,,,,,,,,,,,,,,,,,,,,,,,,,,,,,,,,,,,,,,,,,,,,,,1762.5,1725,1675,1650,1625,1625,1625,1625,1625,1625,1625,1625,1725,1710,1837.5,1872.5,1787.5,1825,1800,1800,1800,1800,1795,1825,1800,1850,1800,1800,1850,1850,1850,1850,1850,1800
1541,Bellaire,TX,Houston-The Woodlands-Sugar Land,Harris County,1542,,,,,,,,,,,,,,,,,,,,,,,,,,,,,,,,,,,,,,,,,,,,,,,,,,,,,,,,,,,,,,,,,,,,,,,,,,,,,,,,,,1897.5,1922.5,1900,1800,1887.5,1995,1985,2025,1990,1950,2000,2000,2275,2200,2100,2000,2100,2000,1995,2047.5,2062.5,2100,2195,2200,2200,2200,2200,2100,1997.5,2100,2300,2395,2422.5,2322.5,2200,2150,2200,2125,2000
1545,Buda,TX,Austin-Round Rock,Hays County,1546,,,,,,,,,,,,,,,,,,,,,,,,,,,,,,,,,,,,,,,,,,,,,,,,,,,,,,,,,,,,,,,,,,,,,,,,,,,,,,,,,,,,,,1797.5,1795,1795,1800,1850,1797.5,1737.5,1725,1700,1695,1697,1700,1745,1697.5,1650,1750,1850,1850,1757.5,1750,1697.5,1650,1700,1725,1775,1750,1795,1812.5,1850,1850,1775,1750,1825,1850,1895
1564,Portland,TX,Corpus Christi,San Patricio County,1565,,,,,,,,,,,,,,,,,,,,,,,,,,,,,,,,,,,,,,,,,,,,,,,,,,,,,,,,,,,,,,,,,,,,,,,,,,,,,,,,,,,,,,,,,,,,,,,,1750,1687.5,1650,1595,1672.5,1695,1695,1600,1600,1575,1600,1600,1500,1550,1550,1550,1550,1500,1575,1700,1700,1625,1595,1550,1595
1571,Prosper,TX,Dallas-Fort Worth-Arlington,Collin County,1572,,,,,,,,,,,,,,,,,,,,,,,,,,,,,,,,,,,,,,,,,,,,,,,,,,,,,,,,,,,,,,,,,,,,,,,,,,,,,,,,,,,,,,2300,2300,2200,2200,2275,2285,2272.5,2375,2295,2395,2392.5,2395,2397.5,2395,2325,2295,2300,2400,2300,2422.5,2695,2450,2395,2250,2350,2350,2450,2375,2200,2350,2300,2297.5,2350,2295,2295
1575,La Marque,TX,Houston-The Woodlands-Sugar Land,Galveston County,1576,,,,,,,,,,,,,,,,,,,,,,,,,,,,,,,,,,,,,,,,,,,,,,,,,,,,,,,,,,,,,,,,,,,,,,,,,,,,,,,,,,,,,,,,,,,,,,,,,,,,,,,,,,1462.5,1475,1575,1575,1500,1575,1650,1650,1600,1600,1475,1400,1379,1300,1295
1584,Pecan Grove,TX,Houston-The Woodlands-Sugar Land,Fort Bend County,1585,,,,,,,,,,,,,,,,,,,,,,,,,,,,,,,,,,,,,,,,,,,,,,,,,,,,,,,,,,,,,,,,,,,,,,,,,,,,,,,,,,,,,,1525,1600,1612.5,1600,1600,1672.5,1650,1650,1625,1685,1700,1700,1600,1625,1625,1725,1737.5,1700,1700,1700,1700,1662.5,1650,1650,1695,1700,1725,1700,1700,1725,1750,1700,1700,1800,1750
1588,Live Oak,TX,San Antonio-New Braunfels,Bexar County,1589,,,,,,,,,,,,,,,,,,,,,,,,,,,,,,,,,,,,,,,,,,,,,,,,,,,,,,,,,,,,,,,,,,,,,,,,,,,,,,,,,,,,,,,,,,,,,,,,,,,,,,1447.5,1450,1447.5,1395,1422.5,1395,1350,1395,1395,1350,1400,1450,1415,1495,1497.5,1475,1375,1350,1350
1589,Anna,TX,Dallas-Fort Worth-Arlington,Collin County,1590,,,,,,,,,,,,,,,,,,,,,,,,,,,,,,,,,,,,,1250,1250,1295,1300,1271.5,1300,1300,1300,1295,1250,1250,1250,1200,1295,1295,1295,1300,1350,1325,1300,1300,1300,1295,1300,1337.5,1337.5,1350,1350,1350,1368,1400,1395,1350,1350,1350,1395,1450,1399,1397.5,1425,1412.5,1450,1472.5,1450,1500,1400,1462.5,1398,1400,1450,1467.5,1450,1499,1500,1500,1498,1500,1495,1497.5,1500,1500,1497.5,1495,1510,1500,1499.5,1550,1500,1500,1500,1500,1499,1540,1550,1550,1550,1575,1595,1597,1600,1597.5,1595,1595,1600
1602,Princeton,TX,Dallas-Fort Worth-Arlington,Collin County,1603,,,,,,,,,,,,,,,,,,,,,,,,,,,,,,,,,,,,,,,,,,,,,,,,,,,,,,,,,,,,,,,,,,,,,,,,,,,,,,,,,,,,,1550,1580,1550,1550,1595,1595,1595,1595,1525,1497,1495,1480,1495,1500,1520,1550,1550,1550,1550,1550,1525,1525,1537.5,1577.5,1595,1625,1600,1600,1622.5,1595,1615,1637.5,1600,1600,1587.5,1599
1609,Crowley,TX,Dallas-Fort Worth-Arlington,Tarrant County,1610,,,,,,,,,,,,,,,,,,,,,,,,,,,,,,,,,,,,,,,,,,,,,,,,,,,,,,,,,,,,,,,,,,,,,,,,,,,,,,,,,,,,1395,1395,1445,1395,1445,1450,1450,1470,1495,1495,1495,1495,1487.5,1495,1495,1495,1545,1500,1495,1550,1505,1475,1450,1485,1505,1495,1495,1535,1550,1595,1595,1570,1545,1525,1525,1562.5,1550
1610,Timberwood Park,TX,San Antonio-New Braunfels,Bexar County,1611,,,,,,,,,,,,,,,,,,,,,,,,,,,,,,,,,,,,,,,,,,,,,,,,,,,,,,,,,,,,,,,,,,,,,,,,,,,,,,,,,,,,,1700,1697.5,1837.5,1795,1772.5,1950,1995,1797.5,1750,1850,1795,1799,1750,1850,1850,1872.5,1850,1800,1875,1900,1895,1812.5,1895,1825,1795,1797.5,1800,1800,1825,2050,1945,1862.5,1797.5,1750,1700,1695
1636,Celina,TX,Dallas-Fort Worth-Arlington,Collin County,1637,,,,,,,,,,,,,,,,,,,,,,,,,,,,,,,,,,,,,,,,,,,,,,,,,,,,,,,,,,,,,,,,,,,,,,,,,,,,,,,,,,,,,,,,,1750,1697.5,1740,1790,1795,1825,1650,1650,1750,1645,1650,1795,1872.5,1750,1792.5,1897.5,1772.5,1750,1850,1825,1900,1800,1950,1998,1850,2097.5,1850,2000,1995,2000,1999,1970
1639,Lakeway,TX,Austin-Round Rock,Travis County,1640,,,,,,,,,,,,,,,,,,,,,,,,,,,,,,,,,,,,,,,,,,,,,,,,,,,,,,,,,,,,,,,,,,,,,,,,,,,,,,,,,,,,2250,2375,2325,2300,2300,2350,2400,2500,2575,2500,2450,2500,2500,2450,2450,2425,2500,2472.5,2395,2400,2472.5,2497.5,2400,2450,2475,2475,2550,2550,2700,2572.5,2595,2462.5,2500,2800,2750,2750,2750
1641,Glenn Heights,TX,Dallas-Fort Worth-Arlington,Dallas County,1642,,,,,,,,,,,,,,,,,,,,,,,,,,,,,,,,,,,,,,,,,,,,,,,,,,,,,,,,,,,,,,,,,,,,,,,,,,,,,,,,,,,,,,,,,,,,,,,,,,,,,,1597.5,1597.5,1535,1500,1550,1550,1487,1505,1595,1650,1617.5,1652.5,1630,1597,1625,1695,1627.5,1665,1645
1652,Selma,TX,San Antonio-New Braunfels,Bexar County,1653,,,,,,,,,,,,,,,,,,,,,,,,,,,,,,,,,,,,,,,,,,,,,,,,,,,,,,,,,,,,,,,,,,,,,,,,,,,,,,,,,,,,,1154,1202,1195,1195,1362.5,1385,1345,1332.5,1262.5,1222.5,1154,1189.5,1315,1272.5,1250,1250,1350,1462.5,1400,1395,1450,1450,1375,1282.5,1275,1195,1345,1412.5,1512.5,1475,1450,1375,1385,1445,1450,1437.5
1670,Justin,TX,Dallas-Fort Worth-Arlington,Denton County,1671,,,,,,,,,,,,,,,,,,,,,,,,,,,,,,,,,,,,,,,,,,,,,,,,,,,,,,,,,,,,,,,,,,,,,,,,,,,,,,,,,,,,,1475,1495,1538.5,1538.5,1495,1495,1550,1500,1495,1495,1495,1487.5,1495,1500,1500,1500,1549,1545,1575,1550,1550,1550,1550,1550,1550,1599,1599,1600,1600,1625,1645,1650,1595,1595,1550,1512.5
1676,Fate,TX,Dallas-Fort Worth-Arlington,Rockwall County,1677,,,,,,,,,,,,,,,,,,,,,,,,,,,,,,,,,,,,,,,,,,,,,,,,,,,,,,,,,,,,,,,,,,,,,,,,,,,,,,,,,,,,,,,1850,1800,1795,1895,1812.5,1795,1650,1650,1795,1795,1797.5,1895,1850,1872.5,1999,2000,1850,1862.5,1875,1770,1797.5,1750,1800,1782.5,1800,1850,1875,1895,1972.5,1925,1999.5,1895,1885,1850
1682,Roanoke,TX,Dallas-Fort Worth-Arlington,Denton County,1683,,,,,,,,,,,,,,,,,,,,,,,,,,,,,,,,,,,,,,,,,,,,,,,,,,,,,,,,,,,,,,,,,,,,,,,,,,,,,,,,,,,,,,,,,,,,,,,,,,,,,,,1800,1795,1900,1750,1785,1795,1850,1800,1875,1775,1850,1800,1850,1850,1845,1795,1845,1837.5
